,subject,predicate,object
0,http://rdf.ncbi.nlm.nih.gov/pubchem/compound/CIDCID11578610,http://semanticscience.org/resource/CHEMINF_000482,http://rdf.ncbi.nlm.nih.gov/pubchem/compound/CIDCID11271640
1,http://rdf.ncbi.nlm.nih.gov/pubchem/compound/CIDCID6915744,http://semanticscience.org/resource/CHEMINF_000482,http://rdf.ncbi.nlm.nih.gov/pubchem/compound/CIDCID84029
2,http://rdf.ncbi.nlm.nih.gov/pubchem/compound/CIDCID40854,http://semanticscience.org/resource/CHEMINF_000482,http://rdf.ncbi.nlm.nih.gov/pubchem/compound/CIDCID2082
3,http://rdf.ncbi.nlm.nih.gov/pubchem/compound/CIDCID22206,http://semanticscience.org/resource/CHEMINF_000482,http://rdf.ncbi.nlm.nih.gov/pubchem/compound/CIDCID4937
4,http://rdf.ncbi.nlm.nih.gov/pubchem/compound/CIDCID4211,http://semanticscience.org/resource/CHEMINF_000482,http://rdf.ncbi.nlm.nih.gov/pubchem/compound/CIDCID6294
5,http://rdf.ncbi.nlm.nih.gov/pubchem/compound/CIDCID6051,http://semanticscience.org/resource/CHEMINF_000482,http://rdf.ncbi.nlm.nih.gov/pubchem/compound/CIDCID7814
6,http://rdf.ncbi.nlm.nih.gov/pubchem/compound/CIDCID6199,http://semanticscience.org/resource/CHEMINF_000482,http://rdf.ncbi.nlm.nih.gov/pubchem/compound/CIDCID10658
7,http://rdf.ncbi.nlm.nih.gov/pubchem/compound/CIDCID6001,http://semanticscience.org/resource/CHEMINF_000482,http://rdf.ncbi.nlm.nih.gov/pubchem/compound/CIDCID9142
8,http://rdf.ncbi.nlm.nih.gov/pubchem/compound/CIDCID969491,http://semanticscience.org/resource/CHEMINF_000482,http://rdf.ncbi.nlm.nih.gov/pubchem/compound/CIDCID12358480
9,http://rdf.ncbi.nlm.nih.gov/pubchem/compound/CIDCID3035,http://semanticscience.org/resource/CHEMINF_000482,http://rdf.ncbi.nlm.nih.gov/pubchem/compound/CIDCID4211
10,http://rdf.ncbi.nlm.nih.gov/pubchem/compound/CIDCID3948,http://semanticscience.org/resource/CHEMINF_000482,http://rdf.ncbi.nlm.nih.gov/pubchem/compound/CIDCID71188
11,http://rdf.ncbi.nlm.nih.gov/pubchem/compound/CIDCID5325,http://semanticscience.org/resource/CHEMINF_000482,http://rdf.ncbi.nlm.nih.gov/pubchem/compound/CIDCID5327
12,http://rdf.ncbi.nlm.nih.gov/pubchem/compound/CIDCID5280934,http://semanticscience.org/resource/CHEMINF_000482,http://rdf.ncbi.nlm.nih.gov/pubchem/compound/CIDCID445639
13,http://rdf.ncbi.nlm.nih.gov/pubchem/compound/CIDCID985,http://semanticscience.org/resource/CHEMINF_000482,http://rdf.ncbi.nlm.nih.gov/pubchem/compound/CIDCID8158
14,http://rdf.ncbi.nlm.nih.gov/pubchem/compound/CIDCID8512,http://semanticscience.org/resource/CHEMINF_000482,http://rdf.ncbi.nlm.nih.gov/pubchem/compound/CIDCID2950
15,http://rdf.ncbi.nlm.nih.gov/pubchem/compound/CIDCID7242,http://semanticscience.org/resource/CHEMINF_000482,http://rdf.ncbi.nlm.nih.gov/pubchem/compound/CIDCID7261
16,http://rdf.ncbi.nlm.nih.gov/pubchem/compound/CIDCID22206,http://semanticscience.org/resource/CHEMINF_000482,http://rdf.ncbi.nlm.nih.gov/pubchem/compound/CIDCID2256
17,http://rdf.ncbi.nlm.nih.gov/pubchem/compound/CIDCID24470,http://semanticscience.org/resource/CHEMINF_000482,http://rdf.ncbi.nlm.nih.gov/pubchem/compound/CIDCID3032552
18,http://rdf.ncbi.nlm.nih.gov/pubchem/compound/CIDCID6950,http://semanticscience.org/resource/CHEMINF_000482,http://rdf.ncbi.nlm.nih.gov/pubchem/compound/CIDCID10800
19,http://rdf.ncbi.nlm.nih.gov/pubchem/compound/CIDCID31404,http://semanticscience.org/resource/CHEMINF_000482,http://rdf.ncbi.nlm.nih.gov/pubchem/compound/CIDCID8814
20,http://rdf.ncbi.nlm.nih.gov/pubchem/compound/CIDCID23665760,http://semanticscience.org/resource/CHEMINF_000482,http://rdf.ncbi.nlm.nih.gov/pubchem/compound/CIDCID516902
21,http://rdf.ncbi.nlm.nih.gov/pubchem/compound/CIDCID4539,http://semanticscience.org/resource/CHEMINF_000482,http://rdf.ncbi.nlm.nih.gov/pubchem/compound/CIDCID2764
22,http://rdf.ncbi.nlm.nih.gov/pubchem/compound/CIDCID8814,http://semanticscience.org/resource/CHEMINF_000482,http://rdf.ncbi.nlm.nih.gov/pubchem/compound/CIDCID15730
23,http://rdf.ncbi.nlm.nih.gov/pubchem/compound/CIDCID31423,http://semanticscience.org/resource/CHEMINF_000482,http://rdf.ncbi.nlm.nih.gov/pubchem/compound/CIDCID6001
24,http://rdf.ncbi.nlm.nih.gov/pubchem/compound/CIDCID9812710,http://semanticscience.org/resource/CHEMINF_000482,http://rdf.ncbi.nlm.nih.gov/pubchem/compound/CIDCID6436133
25,http://rdf.ncbi.nlm.nih.gov/pubchem/compound/CIDCID4937,http://semanticscience.org/resource/CHEMINF_000482,http://rdf.ncbi.nlm.nih.gov/pubchem/compound/CIDCID2256
26,http://rdf.ncbi.nlm.nih.gov/pubchem/compound/CIDCID996,http://semanticscience.org/resource/CHEMINF_000482,http://rdf.ncbi.nlm.nih.gov/pubchem/compound/CIDCID785
27,http://rdf.ncbi.nlm.nih.gov/pubchem/compound/CIDCID2912,http://semanticscience.org/resource/CHEMINF_000482,http://rdf.ncbi.nlm.nih.gov/pubchem/compound/CIDCID5281873
28,http://rdf.ncbi.nlm.nih.gov/pubchem/compound/CIDCID15730,http://semanticscience.org/resource/CHEMINF_000482,http://rdf.ncbi.nlm.nih.gov/pubchem/compound/CIDCID6623
29,http://rdf.ncbi.nlm.nih.gov/pubchem/compound/CIDCID91683,http://semanticscience.org/resource/CHEMINF_000482,http://rdf.ncbi.nlm.nih.gov/pubchem/compound/CIDCID43226
30,http://rdf.ncbi.nlm.nih.gov/pubchem/compound/CIDCID11057,http://semanticscience.org/resource/CHEMINF_000482,http://rdf.ncbi.nlm.nih.gov/pubchem/compound/CIDCID17170
31,http://rdf.ncbi.nlm.nih.gov/pubchem/compound/CIDCID10176082,http://semanticscience.org/resource/CHEMINF_000482,http://rdf.ncbi.nlm.nih.gov/pubchem/compound/CIDCID9989226
32,http://rdf.ncbi.nlm.nih.gov/pubchem/compound/CIDCID9395,http://semanticscience.org/resource/CHEMINF_000482,http://rdf.ncbi.nlm.nih.gov/pubchem/compound/CIDCID16421
33,http://rdf.ncbi.nlm.nih.gov/pubchem/compound/CIDCID1983,http://semanticscience.org/resource/CHEMINF_000482,http://rdf.ncbi.nlm.nih.gov/pubchem/compound/CIDCID12124
34,http://rdf.ncbi.nlm.nih.gov/pubchem/compound/CIDCID6001,http://semanticscience.org/resource/CHEMINF_000482,http://rdf.ncbi.nlm.nih.gov/pubchem/compound/CIDCID2336
35,http://rdf.ncbi.nlm.nih.gov/pubchem/compound/CIDCID2355,http://semanticscience.org/resource/CHEMINF_000482,http://rdf.ncbi.nlm.nih.gov/pubchem/compound/CIDCID4114
36,http://rdf.ncbi.nlm.nih.gov/pubchem/compound/CIDCID12358480,http://semanticscience.org/resource/CHEMINF_000482,http://rdf.ncbi.nlm.nih.gov/pubchem/compound/CIDCID969491
37,http://rdf.ncbi.nlm.nih.gov/pubchem/compound/CIDCID6199,http://semanticscience.org/resource/CHEMINF_000482,http://rdf.ncbi.nlm.nih.gov/pubchem/compound/CIDCID4114
38,http://rdf.ncbi.nlm.nih.gov/pubchem/compound/CIDCID2950,http://semanticscience.org/resource/CHEMINF_000482,http://rdf.ncbi.nlm.nih.gov/pubchem/compound/CIDCID3806
39,http://rdf.ncbi.nlm.nih.gov/pubchem/compound/CIDCID8948,http://semanticscience.org/resource/CHEMINF_000482,http://rdf.ncbi.nlm.nih.gov/pubchem/compound/CIDCID2513
40,http://rdf.ncbi.nlm.nih.gov/pubchem/compound/CIDCID3078139,http://semanticscience.org/resource/CHEMINF_000482,http://rdf.ncbi.nlm.nih.gov/pubchem/compound/CIDCID3352
41,http://rdf.ncbi.nlm.nih.gov/pubchem/compound/CIDCID13263,http://semanticscience.org/resource/CHEMINF_000482,http://rdf.ncbi.nlm.nih.gov/pubchem/compound/CIDCID13450
42,http://rdf.ncbi.nlm.nih.gov/pubchem/compound/CIDCID359,http://semanticscience.org/resource/CHEMINF_000482,http://rdf.ncbi.nlm.nih.gov/pubchem/compound/CIDCID5054
43,http://rdf.ncbi.nlm.nih.gov/pubchem/compound/CIDCID3032552,http://semanticscience.org/resource/CHEMINF_000482,http://rdf.ncbi.nlm.nih.gov/pubchem/compound/CIDCID944
44,http://rdf.ncbi.nlm.nih.gov/pubchem/compound/CIDCID54740,http://semanticscience.org/resource/CHEMINF_000482,http://rdf.ncbi.nlm.nih.gov/pubchem/compound/CIDCID54738
45,http://rdf.ncbi.nlm.nih.gov/pubchem/compound/CIDCID2336,http://semanticscience.org/resource/CHEMINF_000482,http://rdf.ncbi.nlm.nih.gov/pubchem/compound/CIDCID31423
46,http://rdf.ncbi.nlm.nih.gov/pubchem/compound/CIDCID13089,http://semanticscience.org/resource/CHEMINF_000482,http://rdf.ncbi.nlm.nih.gov/pubchem/compound/CIDCID3036
47,http://rdf.ncbi.nlm.nih.gov/pubchem/compound/CIDCID9395,http://semanticscience.org/resource/CHEMINF_000482,http://rdf.ncbi.nlm.nih.gov/pubchem/compound/CIDCID4130
48,http://rdf.ncbi.nlm.nih.gov/pubchem/compound/CIDCID9171,http://semanticscience.org/resource/CHEMINF_000482,http://rdf.ncbi.nlm.nih.gov/pubchem/compound/CIDCID9142
49,http://rdf.ncbi.nlm.nih.gov/pubchem/compound/CIDCID991,http://semanticscience.org/resource/CHEMINF_000482,http://rdf.ncbi.nlm.nih.gov/pubchem/compound/CIDCID16421
50,http://rdf.ncbi.nlm.nih.gov/pubchem/compound/CIDCID91741,http://semanticscience.org/resource/CHEMINF_000482,http://rdf.ncbi.nlm.nih.gov/pubchem/compound/CIDCID93541
51,http://rdf.ncbi.nlm.nih.gov/pubchem/compound/CIDCID16421,http://semanticscience.org/resource/CHEMINF_000482,http://rdf.ncbi.nlm.nih.gov/pubchem/compound/CIDCID991
52,http://rdf.ncbi.nlm.nih.gov/pubchem/compound/CIDCID5565,http://semanticscience.org/resource/CHEMINF_000482,http://rdf.ncbi.nlm.nih.gov/pubchem/compound/CIDCID8111
53,http://rdf.ncbi.nlm.nih.gov/pubchem/compound/CIDCID62276,http://semanticscience.org/resource/CHEMINF_000482,http://rdf.ncbi.nlm.nih.gov/pubchem/compound/CIDCID44073
54,http://rdf.ncbi.nlm.nih.gov/pubchem/compound/CIDCID8111,http://semanticscience.org/resource/CHEMINF_000482,http://rdf.ncbi.nlm.nih.gov/pubchem/compound/CIDCID5565
55,http://rdf.ncbi.nlm.nih.gov/pubchem/compound/CIDCID40854,http://semanticscience.org/resource/CHEMINF_000482,http://rdf.ncbi.nlm.nih.gov/pubchem/compound/CIDCID3334
56,http://rdf.ncbi.nlm.nih.gov/pubchem/compound/CIDCID3120,http://semanticscience.org/resource/CHEMINF_000482,http://rdf.ncbi.nlm.nih.gov/pubchem/compound/CIDCID9502
57,http://rdf.ncbi.nlm.nih.gov/pubchem/compound/CIDCID444795,http://semanticscience.org/resource/CHEMINF_000482,http://rdf.ncbi.nlm.nih.gov/pubchem/compound/CIDCID5282379
58,http://rdf.ncbi.nlm.nih.gov/pubchem/compound/CIDCID6294,http://semanticscience.org/resource/CHEMINF_000482,http://rdf.ncbi.nlm.nih.gov/pubchem/compound/CIDCID4211
59,http://rdf.ncbi.nlm.nih.gov/pubchem/compound/CIDCID6199,http://semanticscience.org/resource/CHEMINF_000482,http://rdf.ncbi.nlm.nih.gov/pubchem/compound/CIDCID2355
60,http://rdf.ncbi.nlm.nih.gov/pubchem/compound/CIDCID4130,http://semanticscience.org/resource/CHEMINF_000482,http://rdf.ncbi.nlm.nih.gov/pubchem/compound/CIDCID16421
61,http://rdf.ncbi.nlm.nih.gov/pubchem/compound/CIDCID517045,http://semanticscience.org/resource/CHEMINF_000482,http://rdf.ncbi.nlm.nih.gov/pubchem/compound/CIDCID517044
62,http://rdf.ncbi.nlm.nih.gov/pubchem/compound/CIDCID24268,http://semanticscience.org/resource/CHEMINF_000482,http://rdf.ncbi.nlm.nih.gov/pubchem/compound/CIDCID23668193
63,http://rdf.ncbi.nlm.nih.gov/pubchem/compound/CIDCID7501,http://semanticscience.org/resource/CHEMINF_000482,http://rdf.ncbi.nlm.nih.gov/pubchem/compound/CIDCID7095
64,http://rdf.ncbi.nlm.nih.gov/pubchem/compound/CIDCID3036,http://semanticscience.org/resource/CHEMINF_000482,http://rdf.ncbi.nlm.nih.gov/pubchem/compound/CIDCID4211
65,http://rdf.ncbi.nlm.nih.gov/pubchem/compound/CIDCID991,http://semanticscience.org/resource/CHEMINF_000482,http://rdf.ncbi.nlm.nih.gov/pubchem/compound/CIDCID4130
66,http://rdf.ncbi.nlm.nih.gov/pubchem/compound/CIDCID7410,http://semanticscience.org/resource/CHEMINF_000482,http://rdf.ncbi.nlm.nih.gov/pubchem/compound/CIDCID637760
67,http://rdf.ncbi.nlm.nih.gov/pubchem/compound/CIDCID1988,http://semanticscience.org/resource/CHEMINF_000482,http://rdf.ncbi.nlm.nih.gov/pubchem/compound/CIDCID4169
68,http://rdf.ncbi.nlm.nih.gov/pubchem/compound/CIDCID3120,http://semanticscience.org/resource/CHEMINF_000482,http://rdf.ncbi.nlm.nih.gov/pubchem/compound/CIDCID7547
69,http://rdf.ncbi.nlm.nih.gov/pubchem/compound/CIDCID7204,http://semanticscience.org/resource/CHEMINF_000482,http://rdf.ncbi.nlm.nih.gov/pubchem/compound/CIDCID7207
70,http://rdf.ncbi.nlm.nih.gov/pubchem/compound/CIDCID3672,http://semanticscience.org/resource/CHEMINF_000482,http://rdf.ncbi.nlm.nih.gov/pubchem/compound/CIDCID999
71,http://rdf.ncbi.nlm.nih.gov/pubchem/compound/CIDCID8158,http://semanticscience.org/resource/CHEMINF_000482,http://rdf.ncbi.nlm.nih.gov/pubchem/compound/CIDCID2969
72,http://rdf.ncbi.nlm.nih.gov/pubchem/compound/CIDCID23666456,http://semanticscience.org/resource/CHEMINF_000482,http://rdf.ncbi.nlm.nih.gov/pubchem/compound/CIDCID612
73,http://rdf.ncbi.nlm.nih.gov/pubchem/compound/CIDCID6623,http://semanticscience.org/resource/CHEMINF_000482,http://rdf.ncbi.nlm.nih.gov/pubchem/compound/CIDCID15730
74,http://rdf.ncbi.nlm.nih.gov/pubchem/compound/CIDCID40326,http://semanticscience.org/resource/CHEMINF_000482,http://rdf.ncbi.nlm.nih.gov/pubchem/compound/CIDCID4767
75,http://rdf.ncbi.nlm.nih.gov/pubchem/compound/CIDCID17170,http://semanticscience.org/resource/CHEMINF_000482,http://rdf.ncbi.nlm.nih.gov/pubchem/compound/CIDCID11057
76,http://rdf.ncbi.nlm.nih.gov/pubchem/compound/CIDCID3032552,http://semanticscience.org/resource/CHEMINF_000482,http://rdf.ncbi.nlm.nih.gov/pubchem/compound/CIDCID24434
77,http://rdf.ncbi.nlm.nih.gov/pubchem/compound/CIDCID71188,http://semanticscience.org/resource/CHEMINF_000482,http://rdf.ncbi.nlm.nih.gov/pubchem/compound/CIDCID2764
78,http://rdf.ncbi.nlm.nih.gov/pubchem/compound/CIDCID9171,http://semanticscience.org/resource/CHEMINF_000482,http://rdf.ncbi.nlm.nih.gov/pubchem/compound/CIDCID2336
79,http://rdf.ncbi.nlm.nih.gov/pubchem/compound/CIDCID7153,http://semanticscience.org/resource/CHEMINF_000482,http://rdf.ncbi.nlm.nih.gov/pubchem/compound/CIDCID7204
80,http://rdf.ncbi.nlm.nih.gov/pubchem/compound/CIDCID243,http://semanticscience.org/resource/CHEMINF_000482,http://rdf.ncbi.nlm.nih.gov/pubchem/compound/CIDCID7489
81,http://rdf.ncbi.nlm.nih.gov/pubchem/compound/CIDCID8158,http://semanticscience.org/resource/CHEMINF_000482,http://rdf.ncbi.nlm.nih.gov/pubchem/compound/CIDCID985
82,http://rdf.ncbi.nlm.nih.gov/pubchem/compound/CIDCID2797,http://semanticscience.org/resource/CHEMINF_000482,http://rdf.ncbi.nlm.nih.gov/pubchem/compound/CIDCID2796
83,http://rdf.ncbi.nlm.nih.gov/pubchem/compound/CIDCID612,http://semanticscience.org/resource/CHEMINF_000482,http://rdf.ncbi.nlm.nih.gov/pubchem/compound/CIDCID23666456
84,http://rdf.ncbi.nlm.nih.gov/pubchem/compound/CIDCID3035,http://semanticscience.org/resource/CHEMINF_000482,http://rdf.ncbi.nlm.nih.gov/pubchem/compound/CIDCID3036
85,http://rdf.ncbi.nlm.nih.gov/pubchem/compound/CIDCID28780,http://semanticscience.org/resource/CHEMINF_000482,http://rdf.ncbi.nlm.nih.gov/pubchem/compound/CIDCID25429
86,http://rdf.ncbi.nlm.nih.gov/pubchem/compound/CIDCID4767,http://semanticscience.org/resource/CHEMINF_000482,http://rdf.ncbi.nlm.nih.gov/pubchem/compound/CIDCID40326
87,http://rdf.ncbi.nlm.nih.gov/pubchem/compound/CIDCID1480,http://semanticscience.org/resource/CHEMINF_000482,http://rdf.ncbi.nlm.nih.gov/pubchem/compound/CIDCID1486
88,http://rdf.ncbi.nlm.nih.gov/pubchem/compound/CIDCID3026,http://semanticscience.org/resource/CHEMINF_000482,http://rdf.ncbi.nlm.nih.gov/pubchem/compound/CIDCID8554
89,http://rdf.ncbi.nlm.nih.gov/pubchem/compound/CIDCID5143,http://semanticscience.org/resource/CHEMINF_000482,http://rdf.ncbi.nlm.nih.gov/pubchem/compound/CIDCID17520
90,http://rdf.ncbi.nlm.nih.gov/pubchem/compound/CIDCID8343,http://semanticscience.org/resource/CHEMINF_000482,http://rdf.ncbi.nlm.nih.gov/pubchem/compound/CIDCID8554
91,http://rdf.ncbi.nlm.nih.gov/pubchem/compound/CIDCID3118,http://semanticscience.org/resource/CHEMINF_000482,http://rdf.ncbi.nlm.nih.gov/pubchem/compound/CIDCID4790
92,http://rdf.ncbi.nlm.nih.gov/pubchem/compound/CIDCID6115,http://semanticscience.org/resource/CHEMINF_000482,http://rdf.ncbi.nlm.nih.gov/pubchem/compound/CIDCID7814
93,http://rdf.ncbi.nlm.nih.gov/pubchem/compound/CIDCID4685,http://semanticscience.org/resource/CHEMINF_000482,http://rdf.ncbi.nlm.nih.gov/pubchem/compound/CIDCID7239
94,http://rdf.ncbi.nlm.nih.gov/pubchem/compound/CIDCID7261,http://semanticscience.org/resource/CHEMINF_000482,http://rdf.ncbi.nlm.nih.gov/pubchem/compound/CIDCID7242
95,http://rdf.ncbi.nlm.nih.gov/pubchem/compound/CIDCID7127,http://semanticscience.org/resource/CHEMINF_000482,http://rdf.ncbi.nlm.nih.gov/pubchem/compound/CIDCID3314
96,http://rdf.ncbi.nlm.nih.gov/pubchem/compound/CIDCID2969,http://semanticscience.org/resource/CHEMINF_000482,http://rdf.ncbi.nlm.nih.gov/pubchem/compound/CIDCID8094
97,http://rdf.ncbi.nlm.nih.gov/pubchem/compound/CIDCID5756,http://semanticscience.org/resource/CHEMINF_000482,http://rdf.ncbi.nlm.nih.gov/pubchem/compound/CIDCID5757
98,http://rdf.ncbi.nlm.nih.gov/pubchem/compound/CIDCID13263,http://semanticscience.org/resource/CHEMINF_000482,http://rdf.ncbi.nlm.nih.gov/pubchem/compound/CIDCID4929
99,http://rdf.ncbi.nlm.nih.gov/pubchem/compound/CIDCID7017,http://semanticscience.org/resource/CHEMINF_000482,http://rdf.ncbi.nlm.nih.gov/pubchem/compound/CIDCID6623
100,http://rdf.ncbi.nlm.nih.gov/pubchem/compound/CIDCID1674,http://semanticscience.org/resource/CHEMINF_000482,http://rdf.ncbi.nlm.nih.gov/pubchem/compound/CIDCID31423
101,http://rdf.ncbi.nlm.nih.gov/pubchem/compound/CIDCID637760,http://semanticscience.org/resource/CHEMINF_000482,http://rdf.ncbi.nlm.nih.gov/pubchem/compound/CIDCID7410
102,http://rdf.ncbi.nlm.nih.gov/pubchem/compound/CIDCID9142,http://semanticscience.org/resource/CHEMINF_000482,http://rdf.ncbi.nlm.nih.gov/pubchem/compound/CIDCID6001
103,http://rdf.ncbi.nlm.nih.gov/pubchem/compound/CIDCID6734,http://semanticscience.org/resource/CHEMINF_000482,http://rdf.ncbi.nlm.nih.gov/pubchem/compound/CIDCID9154
104,http://rdf.ncbi.nlm.nih.gov/pubchem/compound/CIDCID72,http://semanticscience.org/resource/CHEMINF_000482,http://rdf.ncbi.nlm.nih.gov/pubchem/compound/CIDCID370
105,http://rdf.ncbi.nlm.nih.gov/pubchem/compound/CIDCID9171,http://semanticscience.org/resource/CHEMINF_000482,http://rdf.ncbi.nlm.nih.gov/pubchem/compound/CIDCID31423
106,http://rdf.ncbi.nlm.nih.gov/pubchem/compound/CIDCID6915744,http://semanticscience.org/resource/CHEMINF_000482,http://rdf.ncbi.nlm.nih.gov/pubchem/compound/CIDCID12560
107,http://rdf.ncbi.nlm.nih.gov/pubchem/compound/CIDCID516902,http://semanticscience.org/resource/CHEMINF_000482,http://rdf.ncbi.nlm.nih.gov/pubchem/compound/CIDCID23665760
108,http://rdf.ncbi.nlm.nih.gov/pubchem/compound/CIDCID9502,http://semanticscience.org/resource/CHEMINF_000482,http://rdf.ncbi.nlm.nih.gov/pubchem/compound/CIDCID3120
109,http://rdf.ncbi.nlm.nih.gov/pubchem/compound/CIDCID2082,http://semanticscience.org/resource/CHEMINF_000482,http://rdf.ncbi.nlm.nih.gov/pubchem/compound/CIDCID40854
110,http://rdf.ncbi.nlm.nih.gov/pubchem/compound/CIDCID3397,http://semanticscience.org/resource/CHEMINF_000482,http://rdf.ncbi.nlm.nih.gov/pubchem/compound/CIDCID91649
111,http://rdf.ncbi.nlm.nih.gov/pubchem/compound/CIDCID4539,http://semanticscience.org/resource/CHEMINF_000482,http://rdf.ncbi.nlm.nih.gov/pubchem/compound/CIDCID3948
112,http://rdf.ncbi.nlm.nih.gov/pubchem/compound/CIDCID6623,http://semanticscience.org/resource/CHEMINF_000482,http://rdf.ncbi.nlm.nih.gov/pubchem/compound/CIDCID7017
113,http://rdf.ncbi.nlm.nih.gov/pubchem/compound/CIDCID31423,http://semanticscience.org/resource/CHEMINF_000482,http://rdf.ncbi.nlm.nih.gov/pubchem/compound/CIDCID1674
114,http://rdf.ncbi.nlm.nih.gov/pubchem/compound/CIDCID6230,http://semanticscience.org/resource/CHEMINF_000482,http://rdf.ncbi.nlm.nih.gov/pubchem/compound/CIDCID6010
115,http://rdf.ncbi.nlm.nih.gov/pubchem/compound/CIDCID2082,http://semanticscience.org/resource/CHEMINF_000482,http://rdf.ncbi.nlm.nih.gov/pubchem/compound/CIDCID3334
116,http://rdf.ncbi.nlm.nih.gov/pubchem/compound/CIDCID22206,http://semanticscience.org/resource/CHEMINF_000482,http://rdf.ncbi.nlm.nih.gov/pubchem/compound/CIDCID30773
117,http://rdf.ncbi.nlm.nih.gov/pubchem/compound/CIDCID6989,http://semanticscience.org/resource/CHEMINF_000482,http://rdf.ncbi.nlm.nih.gov/pubchem/compound/CIDCID16043
118,http://rdf.ncbi.nlm.nih.gov/pubchem/compound/CIDCID8814,http://semanticscience.org/resource/CHEMINF_000482,http://rdf.ncbi.nlm.nih.gov/pubchem/compound/CIDCID6623
119,http://rdf.ncbi.nlm.nih.gov/pubchem/compound/CIDCID1031,http://semanticscience.org/resource/CHEMINF_000482,http://rdf.ncbi.nlm.nih.gov/pubchem/compound/CIDCID263
120,http://rdf.ncbi.nlm.nih.gov/pubchem/compound/CIDCID1732,http://semanticscience.org/resource/CHEMINF_000482,http://rdf.ncbi.nlm.nih.gov/pubchem/compound/CIDCID2723
121,http://rdf.ncbi.nlm.nih.gov/pubchem/compound/CIDCID2347,http://semanticscience.org/resource/CHEMINF_000482,http://rdf.ncbi.nlm.nih.gov/pubchem/compound/CIDCID3026
122,http://rdf.ncbi.nlm.nih.gov/pubchem/compound/CIDCID35802,http://semanticscience.org/resource/CHEMINF_000482,http://rdf.ncbi.nlm.nih.gov/pubchem/compound/CIDCID4030
123,http://rdf.ncbi.nlm.nih.gov/pubchem/compound/CIDCID6010,http://semanticscience.org/resource/CHEMINF_000482,http://rdf.ncbi.nlm.nih.gov/pubchem/compound/CIDCID6230
124,http://rdf.ncbi.nlm.nih.gov/pubchem/compound/CIDCID944,http://semanticscience.org/resource/CHEMINF_000482,http://rdf.ncbi.nlm.nih.gov/pubchem/compound/CIDCID3032552
125,http://rdf.ncbi.nlm.nih.gov/pubchem/compound/CIDCID93541,http://semanticscience.org/resource/CHEMINF_000482,http://rdf.ncbi.nlm.nih.gov/pubchem/compound/CIDCID71777
126,http://rdf.ncbi.nlm.nih.gov/pubchem/compound/CIDCID6294,http://semanticscience.org/resource/CHEMINF_000482,http://rdf.ncbi.nlm.nih.gov/pubchem/compound/CIDCID13089
127,http://rdf.ncbi.nlm.nih.gov/pubchem/compound/CIDCID9989226,http://semanticscience.org/resource/CHEMINF_000482,http://rdf.ncbi.nlm.nih.gov/pubchem/compound/CIDCID10176082
128,http://rdf.ncbi.nlm.nih.gov/pubchem/compound/CIDCID1493,http://semanticscience.org/resource/CHEMINF_000482,http://rdf.ncbi.nlm.nih.gov/pubchem/compound/CIDCID6954
129,http://rdf.ncbi.nlm.nih.gov/pubchem/compound/CIDCID5054,http://semanticscience.org/resource/CHEMINF_000482,http://rdf.ncbi.nlm.nih.gov/pubchem/compound/CIDCID996
130,http://rdf.ncbi.nlm.nih.gov/pubchem/compound/CIDCID3339,http://semanticscience.org/resource/CHEMINF_000482,http://rdf.ncbi.nlm.nih.gov/pubchem/compound/CIDCID64929
131,http://rdf.ncbi.nlm.nih.gov/pubchem/compound/CIDCID8129,http://semanticscience.org/resource/CHEMINF_000482,http://rdf.ncbi.nlm.nih.gov/pubchem/compound/CIDCID8103
132,http://rdf.ncbi.nlm.nih.gov/pubchem/compound/CIDCID359,http://semanticscience.org/resource/CHEMINF_000482,http://rdf.ncbi.nlm.nih.gov/pubchem/compound/CIDCID1057
133,http://rdf.ncbi.nlm.nih.gov/pubchem/compound/CIDCID5889,http://semanticscience.org/resource/CHEMINF_000482,http://rdf.ncbi.nlm.nih.gov/pubchem/compound/CIDCID6001
134,http://rdf.ncbi.nlm.nih.gov/pubchem/compound/CIDCID9154,http://semanticscience.org/resource/CHEMINF_000482,http://rdf.ncbi.nlm.nih.gov/pubchem/compound/CIDCID6734
135,http://rdf.ncbi.nlm.nih.gov/pubchem/compound/CIDCID5216,http://semanticscience.org/resource/CHEMINF_000482,http://rdf.ncbi.nlm.nih.gov/pubchem/compound/CIDCID2256
136,http://rdf.ncbi.nlm.nih.gov/pubchem/compound/CIDCID71777,http://semanticscience.org/resource/CHEMINF_000482,http://rdf.ncbi.nlm.nih.gov/pubchem/compound/CIDCID91741
137,http://rdf.ncbi.nlm.nih.gov/pubchem/compound/CIDCID93541,http://semanticscience.org/resource/CHEMINF_000482,http://rdf.ncbi.nlm.nih.gov/pubchem/compound/CIDCID91741
138,http://rdf.ncbi.nlm.nih.gov/pubchem/compound/CIDCID442048,http://semanticscience.org/resource/CHEMINF_000482,http://rdf.ncbi.nlm.nih.gov/pubchem/compound/CIDCID10569
139,http://rdf.ncbi.nlm.nih.gov/pubchem/compound/CIDCID24434,http://semanticscience.org/resource/CHEMINF_000482,http://rdf.ncbi.nlm.nih.gov/pubchem/compound/CIDCID3032552
140,http://rdf.ncbi.nlm.nih.gov/pubchem/compound/CIDCID2078,http://semanticscience.org/resource/CHEMINF_000482,http://rdf.ncbi.nlm.nih.gov/pubchem/compound/CIDCID1988
141,http://rdf.ncbi.nlm.nih.gov/pubchem/compound/CIDCID338,http://semanticscience.org/resource/CHEMINF_000482,http://rdf.ncbi.nlm.nih.gov/pubchem/compound/CIDCID16760658
142,http://rdf.ncbi.nlm.nih.gov/pubchem/compound/CIDCID8468,http://semanticscience.org/resource/CHEMINF_000482,http://rdf.ncbi.nlm.nih.gov/pubchem/compound/CIDCID1183
143,http://rdf.ncbi.nlm.nih.gov/pubchem/compound/CIDCID2336,http://semanticscience.org/resource/CHEMINF_000482,http://rdf.ncbi.nlm.nih.gov/pubchem/compound/CIDCID9142
144,http://rdf.ncbi.nlm.nih.gov/pubchem/compound/CIDCID6436133,http://semanticscience.org/resource/CHEMINF_000482,http://rdf.ncbi.nlm.nih.gov/pubchem/compound/CIDCID9812710
145,http://rdf.ncbi.nlm.nih.gov/pubchem/compound/CIDCID243,http://semanticscience.org/resource/CHEMINF_000482,http://rdf.ncbi.nlm.nih.gov/pubchem/compound/CIDCID517055
146,http://rdf.ncbi.nlm.nih.gov/pubchem/compound/CIDCID31423,http://semanticscience.org/resource/CHEMINF_000482,http://rdf.ncbi.nlm.nih.gov/pubchem/compound/CIDCID5889
147,http://rdf.ncbi.nlm.nih.gov/pubchem/compound/CIDCID3032552,http://semanticscience.org/resource/CHEMINF_000482,http://rdf.ncbi.nlm.nih.gov/pubchem/compound/CIDCID24268
148,http://rdf.ncbi.nlm.nih.gov/pubchem/compound/CIDCID10800,http://semanticscience.org/resource/CHEMINF_000482,http://rdf.ncbi.nlm.nih.gov/pubchem/compound/CIDCID6950
149,http://rdf.ncbi.nlm.nih.gov/pubchem/compound/CIDCID4929,http://semanticscience.org/resource/CHEMINF_000482,http://rdf.ncbi.nlm.nih.gov/pubchem/compound/CIDCID13263
150,http://rdf.ncbi.nlm.nih.gov/pubchem/compound/CIDCID12124,http://semanticscience.org/resource/CHEMINF_000482,http://rdf.ncbi.nlm.nih.gov/pubchem/compound/CIDCID1983
151,http://rdf.ncbi.nlm.nih.gov/pubchem/compound/CIDCID7410,http://semanticscience.org/resource/CHEMINF_000482,http://rdf.ncbi.nlm.nih.gov/pubchem/compound/CIDCID4055
152,http://rdf.ncbi.nlm.nih.gov/pubchem/compound/CIDCID1091,http://semanticscience.org/resource/CHEMINF_000482,http://rdf.ncbi.nlm.nih.gov/pubchem/compound/CIDCID24007
153,http://rdf.ncbi.nlm.nih.gov/pubchem/compound/CIDCID31423,http://semanticscience.org/resource/CHEMINF_000482,http://rdf.ncbi.nlm.nih.gov/pubchem/compound/CIDCID9171
154,http://rdf.ncbi.nlm.nih.gov/pubchem/compound/CIDCID24823,http://semanticscience.org/resource/CHEMINF_000482,http://rdf.ncbi.nlm.nih.gov/pubchem/compound/CIDCID784
155,http://rdf.ncbi.nlm.nih.gov/pubchem/compound/CIDCID71188,http://semanticscience.org/resource/CHEMINF_000482,http://rdf.ncbi.nlm.nih.gov/pubchem/compound/CIDCID3948
156,http://rdf.ncbi.nlm.nih.gov/pubchem/compound/CIDCID2256,http://semanticscience.org/resource/CHEMINF_000482,http://rdf.ncbi.nlm.nih.gov/pubchem/compound/CIDCID22206
157,http://rdf.ncbi.nlm.nih.gov/pubchem/compound/CIDCID34526,http://semanticscience.org/resource/CHEMINF_000482,http://rdf.ncbi.nlm.nih.gov/pubchem/compound/CIDCID3017
158,http://rdf.ncbi.nlm.nih.gov/pubchem/compound/CIDCID7207,http://semanticscience.org/resource/CHEMINF_000482,http://rdf.ncbi.nlm.nih.gov/pubchem/compound/CIDCID7153
159,http://rdf.ncbi.nlm.nih.gov/pubchem/compound/CIDCID6010,http://semanticscience.org/resource/CHEMINF_000482,http://rdf.ncbi.nlm.nih.gov/pubchem/compound/CIDCID6013
160,http://rdf.ncbi.nlm.nih.gov/pubchem/compound/CIDCID40585,http://semanticscience.org/resource/CHEMINF_000482,http://rdf.ncbi.nlm.nih.gov/pubchem/compound/CIDCID5281873
161,http://rdf.ncbi.nlm.nih.gov/pubchem/compound/CIDCID16043,http://semanticscience.org/resource/CHEMINF_000482,http://rdf.ncbi.nlm.nih.gov/pubchem/compound/CIDCID6989
162,http://rdf.ncbi.nlm.nih.gov/pubchem/compound/CIDCID3102,http://semanticscience.org/resource/CHEMINF_000482,http://rdf.ncbi.nlm.nih.gov/pubchem/compound/CIDCID7410
163,http://rdf.ncbi.nlm.nih.gov/pubchem/compound/CIDCID12560,http://semanticscience.org/resource/CHEMINF_000482,http://rdf.ncbi.nlm.nih.gov/pubchem/compound/CIDCID6915744
164,http://rdf.ncbi.nlm.nih.gov/pubchem/compound/CIDCID16421,http://semanticscience.org/resource/CHEMINF_000482,http://rdf.ncbi.nlm.nih.gov/pubchem/compound/CIDCID9395
165,http://rdf.ncbi.nlm.nih.gov/pubchem/compound/CIDCID24007,http://semanticscience.org/resource/CHEMINF_000482,http://rdf.ncbi.nlm.nih.gov/pubchem/compound/CIDCID1091
166,http://rdf.ncbi.nlm.nih.gov/pubchem/compound/CIDCID7501,http://semanticscience.org/resource/CHEMINF_000482,http://rdf.ncbi.nlm.nih.gov/pubchem/compound/CIDCID1140
167,http://rdf.ncbi.nlm.nih.gov/pubchem/compound/CIDCID15730,http://semanticscience.org/resource/CHEMINF_000482,http://rdf.ncbi.nlm.nih.gov/pubchem/compound/CIDCID8814
168,http://rdf.ncbi.nlm.nih.gov/pubchem/compound/CIDCID7410,http://semanticscience.org/resource/CHEMINF_000482,http://rdf.ncbi.nlm.nih.gov/pubchem/compound/CIDCID3102
169,http://rdf.ncbi.nlm.nih.gov/pubchem/compound/CIDCID4946,http://semanticscience.org/resource/CHEMINF_000482,http://rdf.ncbi.nlm.nih.gov/pubchem/compound/CIDCID39147
170,http://rdf.ncbi.nlm.nih.gov/pubchem/compound/CIDCID443495,http://semanticscience.org/resource/CHEMINF_000482,http://rdf.ncbi.nlm.nih.gov/pubchem/compound/CIDCID544
171,http://rdf.ncbi.nlm.nih.gov/pubchem/compound/CIDCID8512,http://semanticscience.org/resource/CHEMINF_000482,http://rdf.ncbi.nlm.nih.gov/pubchem/compound/CIDCID3806
172,http://rdf.ncbi.nlm.nih.gov/pubchem/compound/CIDCID34230,http://semanticscience.org/resource/CHEMINF_000482,http://rdf.ncbi.nlm.nih.gov/pubchem/compound/CIDCID441145
173,http://rdf.ncbi.nlm.nih.gov/pubchem/compound/CIDCID544,http://semanticscience.org/resource/CHEMINF_000482,http://rdf.ncbi.nlm.nih.gov/pubchem/compound/CIDCID443495
174,http://rdf.ncbi.nlm.nih.gov/pubchem/compound/CIDCID8129,http://semanticscience.org/resource/CHEMINF_000482,http://rdf.ncbi.nlm.nih.gov/pubchem/compound/CIDCID957
175,http://rdf.ncbi.nlm.nih.gov/pubchem/compound/CIDCID5325,http://semanticscience.org/resource/CHEMINF_000482,http://rdf.ncbi.nlm.nih.gov/pubchem/compound/CIDCID5215
176,http://rdf.ncbi.nlm.nih.gov/pubchem/compound/CIDCID13089,http://semanticscience.org/resource/CHEMINF_000482,http://rdf.ncbi.nlm.nih.gov/pubchem/compound/CIDCID3035
177,http://rdf.ncbi.nlm.nih.gov/pubchem/compound/CIDCID6212,http://semanticscience.org/resource/CHEMINF_000482,http://rdf.ncbi.nlm.nih.gov/pubchem/compound/CIDCID6344
178,http://rdf.ncbi.nlm.nih.gov/pubchem/compound/CIDCID31677,http://semanticscience.org/resource/CHEMINF_000482,http://rdf.ncbi.nlm.nih.gov/pubchem/compound/CIDCID1988
179,http://rdf.ncbi.nlm.nih.gov/pubchem/compound/CIDCID8778,http://semanticscience.org/resource/CHEMINF_000482,http://rdf.ncbi.nlm.nih.gov/pubchem/compound/CIDCID3423265
180,http://rdf.ncbi.nlm.nih.gov/pubchem/compound/CIDCID4211,http://semanticscience.org/resource/CHEMINF_000482,http://rdf.ncbi.nlm.nih.gov/pubchem/compound/CIDCID13089
181,http://rdf.ncbi.nlm.nih.gov/pubchem/compound/CIDCID4130,http://semanticscience.org/resource/CHEMINF_000482,http://rdf.ncbi.nlm.nih.gov/pubchem/compound/CIDCID31200
182,http://rdf.ncbi.nlm.nih.gov/pubchem/compound/CIDCID40585,http://semanticscience.org/resource/CHEMINF_000482,http://rdf.ncbi.nlm.nih.gov/pubchem/compound/CIDCID4767
183,http://rdf.ncbi.nlm.nih.gov/pubchem/compound/CIDCID71777,http://semanticscience.org/resource/CHEMINF_000482,http://rdf.ncbi.nlm.nih.gov/pubchem/compound/CIDCID93541
184,http://rdf.ncbi.nlm.nih.gov/pubchem/compound/CIDCID3032581,http://semanticscience.org/resource/CHEMINF_000482,http://rdf.ncbi.nlm.nih.gov/pubchem/compound/CIDCID5284484
185,http://rdf.ncbi.nlm.nih.gov/pubchem/compound/CIDCID2796,http://semanticscience.org/resource/CHEMINF_000482,http://rdf.ncbi.nlm.nih.gov/pubchem/compound/CIDCID2797
186,http://rdf.ncbi.nlm.nih.gov/pubchem/compound/CIDCID263,http://semanticscience.org/resource/CHEMINF_000482,http://rdf.ncbi.nlm.nih.gov/pubchem/compound/CIDCID1031
187,http://rdf.ncbi.nlm.nih.gov/pubchem/compound/CIDCID370,http://semanticscience.org/resource/CHEMINF_000482,http://rdf.ncbi.nlm.nih.gov/pubchem/compound/CIDCID72
188,http://rdf.ncbi.nlm.nih.gov/pubchem/compound/CIDCID43226,http://semanticscience.org/resource/CHEMINF_000482,http://rdf.ncbi.nlm.nih.gov/pubchem/compound/CIDCID91683
189,http://rdf.ncbi.nlm.nih.gov/pubchem/compound/CIDCID3102,http://semanticscience.org/resource/CHEMINF_000482,http://rdf.ncbi.nlm.nih.gov/pubchem/compound/CIDCID637760
190,http://rdf.ncbi.nlm.nih.gov/pubchem/compound/CIDCID53232,http://semanticscience.org/resource/CHEMINF_000482,http://rdf.ncbi.nlm.nih.gov/pubchem/compound/CIDCID54454
191,http://rdf.ncbi.nlm.nih.gov/pubchem/compound/CIDCID13089,http://semanticscience.org/resource/CHEMINF_000482,http://rdf.ncbi.nlm.nih.gov/pubchem/compound/CIDCID6294
192,http://rdf.ncbi.nlm.nih.gov/pubchem/compound/CIDCID73864,http://semanticscience.org/resource/CHEMINF_000482,http://rdf.ncbi.nlm.nih.gov/pubchem/compound/CIDCID6623
193,http://rdf.ncbi.nlm.nih.gov/pubchem/compound/CIDCID17604,http://semanticscience.org/resource/CHEMINF_000482,http://rdf.ncbi.nlm.nih.gov/pubchem/compound/CIDCID3031
194,http://rdf.ncbi.nlm.nih.gov/pubchem/compound/CIDCID441145,http://semanticscience.org/resource/CHEMINF_000482,http://rdf.ncbi.nlm.nih.gov/pubchem/compound/CIDCID34230
195,http://rdf.ncbi.nlm.nih.gov/pubchem/compound/CIDCID6853,http://semanticscience.org/resource/CHEMINF_000482,http://rdf.ncbi.nlm.nih.gov/pubchem/compound/CIDCID10326
196,http://rdf.ncbi.nlm.nih.gov/pubchem/compound/CIDCID4114,http://semanticscience.org/resource/CHEMINF_000482,http://rdf.ncbi.nlm.nih.gov/pubchem/compound/CIDCID10658
197,http://rdf.ncbi.nlm.nih.gov/pubchem/compound/CIDCID2347,http://semanticscience.org/resource/CHEMINF_000482,http://rdf.ncbi.nlm.nih.gov/pubchem/compound/CIDCID8554
198,http://rdf.ncbi.nlm.nih.gov/pubchem/compound/CIDCID4030,http://semanticscience.org/resource/CHEMINF_000482,http://rdf.ncbi.nlm.nih.gov/pubchem/compound/CIDCID35802
199,http://rdf.ncbi.nlm.nih.gov/pubchem/compound/CIDCID15415,http://semanticscience.org/resource/CHEMINF_000482,http://rdf.ncbi.nlm.nih.gov/pubchem/compound/CIDCID4004
200,http://rdf.ncbi.nlm.nih.gov/pubchem/compound/CIDCID261004,http://semanticscience.org/resource/CHEMINF_000482,http://rdf.ncbi.nlm.nih.gov/pubchem/compound/CIDCID544
201,http://rdf.ncbi.nlm.nih.gov/pubchem/compound/CIDCID17520,http://semanticscience.org/resource/CHEMINF_000482,http://rdf.ncbi.nlm.nih.gov/pubchem/compound/CIDCID5143
202,http://rdf.ncbi.nlm.nih.gov/pubchem/compound/CIDCID2764,http://semanticscience.org/resource/CHEMINF_000482,http://rdf.ncbi.nlm.nih.gov/pubchem/compound/CIDCID3948
203,http://rdf.ncbi.nlm.nih.gov/pubchem/compound/CIDCID9502,http://semanticscience.org/resource/CHEMINF_000482,http://rdf.ncbi.nlm.nih.gov/pubchem/compound/CIDCID7547
204,http://rdf.ncbi.nlm.nih.gov/pubchem/compound/CIDCID517055,http://semanticscience.org/resource/CHEMINF_000482,http://rdf.ncbi.nlm.nih.gov/pubchem/compound/CIDCID243
205,http://rdf.ncbi.nlm.nih.gov/pubchem/compound/CIDCID5215,http://semanticscience.org/resource/CHEMINF_000482,http://rdf.ncbi.nlm.nih.gov/pubchem/compound/CIDCID5336
206,http://rdf.ncbi.nlm.nih.gov/pubchem/compound/CIDCID8554,http://semanticscience.org/resource/CHEMINF_000482,http://rdf.ncbi.nlm.nih.gov/pubchem/compound/CIDCID8343
207,http://rdf.ncbi.nlm.nih.gov/pubchem/compound/CIDCID2078,http://semanticscience.org/resource/CHEMINF_000482,http://rdf.ncbi.nlm.nih.gov/pubchem/compound/CIDCID31677
208,http://rdf.ncbi.nlm.nih.gov/pubchem/compound/CIDCID9142,http://semanticscience.org/resource/CHEMINF_000482,http://rdf.ncbi.nlm.nih.gov/pubchem/compound/CIDCID5889
209,http://rdf.ncbi.nlm.nih.gov/pubchem/compound/CIDCID25429,http://semanticscience.org/resource/CHEMINF_000482,http://rdf.ncbi.nlm.nih.gov/pubchem/compound/CIDCID28780
210,http://rdf.ncbi.nlm.nih.gov/pubchem/compound/CIDCID3017,http://semanticscience.org/resource/CHEMINF_000482,http://rdf.ncbi.nlm.nih.gov/pubchem/compound/CIDCID34526
211,http://rdf.ncbi.nlm.nih.gov/pubchem/compound/CIDCID5284484,http://semanticscience.org/resource/CHEMINF_000482,http://rdf.ncbi.nlm.nih.gov/pubchem/compound/CIDCID3032581
212,http://rdf.ncbi.nlm.nih.gov/pubchem/compound/CIDCID785,http://semanticscience.org/resource/CHEMINF_000482,http://rdf.ncbi.nlm.nih.gov/pubchem/compound/CIDCID996
213,http://rdf.ncbi.nlm.nih.gov/pubchem/compound/CIDCID3806,http://semanticscience.org/resource/CHEMINF_000482,http://rdf.ncbi.nlm.nih.gov/pubchem/compound/CIDCID2950
214,http://rdf.ncbi.nlm.nih.gov/pubchem/compound/CIDCID516902,http://semanticscience.org/resource/CHEMINF_000482,http://rdf.ncbi.nlm.nih.gov/pubchem/compound/CIDCID24870
215,http://rdf.ncbi.nlm.nih.gov/pubchem/compound/CIDCID9142,http://semanticscience.org/resource/CHEMINF_000482,http://rdf.ncbi.nlm.nih.gov/pubchem/compound/CIDCID9171
216,http://rdf.ncbi.nlm.nih.gov/pubchem/compound/CIDCID24870,http://semanticscience.org/resource/CHEMINF_000482,http://rdf.ncbi.nlm.nih.gov/pubchem/compound/CIDCID516902
217,http://rdf.ncbi.nlm.nih.gov/pubchem/compound/CIDCID445639,http://semanticscience.org/resource/CHEMINF_000482,http://rdf.ncbi.nlm.nih.gov/pubchem/compound/CIDCID5280934
218,http://rdf.ncbi.nlm.nih.gov/pubchem/compound/CIDCID8468,http://semanticscience.org/resource/CHEMINF_000482,http://rdf.ncbi.nlm.nih.gov/pubchem/compound/CIDCID10742
219,http://rdf.ncbi.nlm.nih.gov/pubchem/compound/CIDCID6623,http://semanticscience.org/resource/CHEMINF_000482,http://rdf.ncbi.nlm.nih.gov/pubchem/compound/CIDCID448537
220,http://rdf.ncbi.nlm.nih.gov/pubchem/compound/CIDCID91649,http://semanticscience.org/resource/CHEMINF_000482,http://rdf.ncbi.nlm.nih.gov/pubchem/compound/CIDCID3397
221,http://rdf.ncbi.nlm.nih.gov/pubchem/compound/CIDCID3334,http://semanticscience.org/resource/CHEMINF_000482,http://rdf.ncbi.nlm.nih.gov/pubchem/compound/CIDCID2082
222,http://rdf.ncbi.nlm.nih.gov/pubchem/compound/CIDCID9395,http://semanticscience.org/resource/CHEMINF_000482,http://rdf.ncbi.nlm.nih.gov/pubchem/compound/CIDCID991
223,http://rdf.ncbi.nlm.nih.gov/pubchem/compound/CIDCID7239,http://semanticscience.org/resource/CHEMINF_000482,http://rdf.ncbi.nlm.nih.gov/pubchem/compound/CIDCID4685
224,http://rdf.ncbi.nlm.nih.gov/pubchem/compound/CIDCID3035,http://semanticscience.org/resource/CHEMINF_000482,http://rdf.ncbi.nlm.nih.gov/pubchem/compound/CIDCID6294
225,http://rdf.ncbi.nlm.nih.gov/pubchem/compound/CIDCID1674,http://semanticscience.org/resource/CHEMINF_000482,http://rdf.ncbi.nlm.nih.gov/pubchem/compound/CIDCID6001
226,http://rdf.ncbi.nlm.nih.gov/pubchem/compound/CIDCID5280934,http://semanticscience.org/resource/CHEMINF_000482,http://rdf.ncbi.nlm.nih.gov/pubchem/compound/CIDCID5280450
227,http://rdf.ncbi.nlm.nih.gov/pubchem/compound/CIDCID3948,http://semanticscience.org/resource/CHEMINF_000482,http://rdf.ncbi.nlm.nih.gov/pubchem/compound/CIDCID4539
228,http://rdf.ncbi.nlm.nih.gov/pubchem/compound/CIDCID8193,http://semanticscience.org/resource/CHEMINF_000482,http://rdf.ncbi.nlm.nih.gov/pubchem/compound/CIDCID957
229,http://rdf.ncbi.nlm.nih.gov/pubchem/compound/CIDCID9171,http://semanticscience.org/resource/CHEMINF_000482,http://rdf.ncbi.nlm.nih.gov/pubchem/compound/CIDCID6001
230,http://rdf.ncbi.nlm.nih.gov/pubchem/compound/CIDCID2355,http://semanticscience.org/resource/CHEMINF_000482,http://rdf.ncbi.nlm.nih.gov/pubchem/compound/CIDCID6199
231,http://rdf.ncbi.nlm.nih.gov/pubchem/compound/CIDCID4790,http://semanticscience.org/resource/CHEMINF_000482,http://rdf.ncbi.nlm.nih.gov/pubchem/compound/CIDCID3118
232,http://rdf.ncbi.nlm.nih.gov/pubchem/compound/CIDCID3314,http://semanticscience.org/resource/CHEMINF_000482,http://rdf.ncbi.nlm.nih.gov/pubchem/compound/CIDCID7127
233,http://rdf.ncbi.nlm.nih.gov/pubchem/compound/CIDCID11294,http://semanticscience.org/resource/CHEMINF_000482,http://rdf.ncbi.nlm.nih.gov/pubchem/compound/CIDCID11057
234,http://rdf.ncbi.nlm.nih.gov/pubchem/compound/CIDCID637760,http://semanticscience.org/resource/CHEMINF_000482,http://rdf.ncbi.nlm.nih.gov/pubchem/compound/CIDCID3102
235,http://rdf.ncbi.nlm.nih.gov/pubchem/compound/CIDCID24268,http://semanticscience.org/resource/CHEMINF_000482,http://rdf.ncbi.nlm.nih.gov/pubchem/compound/CIDCID3032552
236,http://rdf.ncbi.nlm.nih.gov/pubchem/compound/CIDCID4114,http://semanticscience.org/resource/CHEMINF_000482,http://rdf.ncbi.nlm.nih.gov/pubchem/compound/CIDCID2355
237,http://rdf.ncbi.nlm.nih.gov/pubchem/compound/CIDCID30773,http://semanticscience.org/resource/CHEMINF_000482,http://rdf.ncbi.nlm.nih.gov/pubchem/compound/CIDCID22206
238,http://rdf.ncbi.nlm.nih.gov/pubchem/compound/CIDCID4130,http://semanticscience.org/resource/CHEMINF_000482,http://rdf.ncbi.nlm.nih.gov/pubchem/compound/CIDCID991
239,http://rdf.ncbi.nlm.nih.gov/pubchem/compound/CIDCID448537,http://semanticscience.org/resource/CHEMINF_000482,http://rdf.ncbi.nlm.nih.gov/pubchem/compound/CIDCID15730
240,http://rdf.ncbi.nlm.nih.gov/pubchem/compound/CIDCID8449,http://semanticscience.org/resource/CHEMINF_000482,http://rdf.ncbi.nlm.nih.gov/pubchem/compound/CIDCID4684
241,http://rdf.ncbi.nlm.nih.gov/pubchem/compound/CIDCID6734,http://semanticscience.org/resource/CHEMINF_000482,http://rdf.ncbi.nlm.nih.gov/pubchem/compound/CIDCID6853
242,http://rdf.ncbi.nlm.nih.gov/pubchem/compound/CIDCID3026,http://semanticscience.org/resource/CHEMINF_000482,http://rdf.ncbi.nlm.nih.gov/pubchem/compound/CIDCID8343
243,http://rdf.ncbi.nlm.nih.gov/pubchem/compound/CIDCID4169,http://semanticscience.org/resource/CHEMINF_000482,http://rdf.ncbi.nlm.nih.gov/pubchem/compound/CIDCID31677
244,http://rdf.ncbi.nlm.nih.gov/pubchem/compound/CIDCID1183,http://semanticscience.org/resource/CHEMINF_000482,http://rdf.ncbi.nlm.nih.gov/pubchem/compound/CIDCID8468
245,http://rdf.ncbi.nlm.nih.gov/pubchem/compound/CIDCID7175,http://semanticscience.org/resource/CHEMINF_000482,http://rdf.ncbi.nlm.nih.gov/pubchem/compound/CIDCID7456
246,http://rdf.ncbi.nlm.nih.gov/pubchem/compound/CIDCID31677,http://semanticscience.org/resource/CHEMINF_000482,http://rdf.ncbi.nlm.nih.gov/pubchem/compound/CIDCID2078
247,http://rdf.ncbi.nlm.nih.gov/pubchem/compound/CIDCID4169,http://semanticscience.org/resource/CHEMINF_000482,http://rdf.ncbi.nlm.nih.gov/pubchem/compound/CIDCID2078
248,http://rdf.ncbi.nlm.nih.gov/pubchem/compound/CIDCID5889,http://semanticscience.org/resource/CHEMINF_000482,http://rdf.ncbi.nlm.nih.gov/pubchem/compound/CIDCID9171
249,http://rdf.ncbi.nlm.nih.gov/pubchem/compound/CIDCID544,http://semanticscience.org/resource/CHEMINF_000482,http://rdf.ncbi.nlm.nih.gov/pubchem/compound/CIDCID261004
250,http://rdf.ncbi.nlm.nih.gov/pubchem/compound/CIDCID2912,http://semanticscience.org/resource/CHEMINF_000482,http://rdf.ncbi.nlm.nih.gov/pubchem/compound/CIDCID40585
251,http://rdf.ncbi.nlm.nih.gov/pubchem/compound/CIDCID8449,http://semanticscience.org/resource/CHEMINF_000482,http://rdf.ncbi.nlm.nih.gov/pubchem/compound/CIDCID6914
252,http://rdf.ncbi.nlm.nih.gov/pubchem/compound/CIDCID3036,http://semanticscience.org/resource/CHEMINF_000482,http://rdf.ncbi.nlm.nih.gov/pubchem/compound/CIDCID3035
253,http://rdf.ncbi.nlm.nih.gov/pubchem/compound/CIDCID6853,http://semanticscience.org/resource/CHEMINF_000482,http://rdf.ncbi.nlm.nih.gov/pubchem/compound/CIDCID6734
254,http://rdf.ncbi.nlm.nih.gov/pubchem/compound/CIDCID8554,http://semanticscience.org/resource/CHEMINF_000482,http://rdf.ncbi.nlm.nih.gov/pubchem/compound/CIDCID2347
255,http://rdf.ncbi.nlm.nih.gov/pubchem/compound/CIDCID784,http://semanticscience.org/resource/CHEMINF_000482,http://rdf.ncbi.nlm.nih.gov/pubchem/compound/CIDCID24823
256,http://rdf.ncbi.nlm.nih.gov/pubchem/compound/CIDCID40326,http://semanticscience.org/resource/CHEMINF_000482,http://rdf.ncbi.nlm.nih.gov/pubchem/compound/CIDCID2912
257,http://rdf.ncbi.nlm.nih.gov/pubchem/compound/CIDCID3334,http://semanticscience.org/resource/CHEMINF_000482,http://rdf.ncbi.nlm.nih.gov/pubchem/compound/CIDCID40854
258,http://rdf.ncbi.nlm.nih.gov/pubchem/compound/CIDCID6294,http://semanticscience.org/resource/CHEMINF_000482,http://rdf.ncbi.nlm.nih.gov/pubchem/compound/CIDCID3036
259,http://rdf.ncbi.nlm.nih.gov/pubchem/compound/CIDCID957,http://semanticscience.org/resource/CHEMINF_000482,http://rdf.ncbi.nlm.nih.gov/pubchem/compound/CIDCID8193
260,http://rdf.ncbi.nlm.nih.gov/pubchem/compound/CIDCID5994,http://semanticscience.org/resource/CHEMINF_000482,http://rdf.ncbi.nlm.nih.gov/pubchem/compound/CIDCID6128
261,http://rdf.ncbi.nlm.nih.gov/pubchem/compound/CIDCID8461,http://semanticscience.org/resource/CHEMINF_000482,http://rdf.ncbi.nlm.nih.gov/pubchem/compound/CIDCID8376
262,http://rdf.ncbi.nlm.nih.gov/pubchem/compound/CIDCID5216,http://semanticscience.org/resource/CHEMINF_000482,http://rdf.ncbi.nlm.nih.gov/pubchem/compound/CIDCID4937
263,http://rdf.ncbi.nlm.nih.gov/pubchem/compound/CIDCID6811,http://semanticscience.org/resource/CHEMINF_000482,http://rdf.ncbi.nlm.nih.gov/pubchem/compound/CIDCID8554
264,http://rdf.ncbi.nlm.nih.gov/pubchem/compound/CIDCID3036,http://semanticscience.org/resource/CHEMINF_000482,http://rdf.ncbi.nlm.nih.gov/pubchem/compound/CIDCID6294
265,http://rdf.ncbi.nlm.nih.gov/pubchem/compound/CIDCID6001,http://semanticscience.org/resource/CHEMINF_000482,http://rdf.ncbi.nlm.nih.gov/pubchem/compound/CIDCID1674
266,http://rdf.ncbi.nlm.nih.gov/pubchem/compound/CIDCID17170,http://semanticscience.org/resource/CHEMINF_000482,http://rdf.ncbi.nlm.nih.gov/pubchem/compound/CIDCID11294
267,http://rdf.ncbi.nlm.nih.gov/pubchem/compound/CIDCID28179,http://semanticscience.org/resource/CHEMINF_000482,http://rdf.ncbi.nlm.nih.gov/pubchem/compound/CIDCID5360525
268,http://rdf.ncbi.nlm.nih.gov/pubchem/compound/CIDCID54675779,http://semanticscience.org/resource/CHEMINF_000482,http://rdf.ncbi.nlm.nih.gov/pubchem/compound/CIDCID54671203
269,http://rdf.ncbi.nlm.nih.gov/pubchem/compound/CIDCID4937,http://semanticscience.org/resource/CHEMINF_000482,http://rdf.ncbi.nlm.nih.gov/pubchem/compound/CIDCID22206
270,http://rdf.ncbi.nlm.nih.gov/pubchem/compound/CIDCID4583,http://semanticscience.org/resource/CHEMINF_000482,http://rdf.ncbi.nlm.nih.gov/pubchem/compound/CIDCID149096
271,http://rdf.ncbi.nlm.nih.gov/pubchem/compound/CIDCID2256,http://semanticscience.org/resource/CHEMINF_000482,http://rdf.ncbi.nlm.nih.gov/pubchem/compound/CIDCID5216
272,http://rdf.ncbi.nlm.nih.gov/pubchem/compound/CIDCID2950,http://semanticscience.org/resource/CHEMINF_000482,http://rdf.ncbi.nlm.nih.gov/pubchem/compound/CIDCID8512
273,http://rdf.ncbi.nlm.nih.gov/pubchem/compound/CIDCID8554,http://semanticscience.org/resource/CHEMINF_000482,http://rdf.ncbi.nlm.nih.gov/pubchem/compound/CIDCID6811
274,http://rdf.ncbi.nlm.nih.gov/pubchem/compound/CIDCID1988,http://semanticscience.org/resource/CHEMINF_000482,http://rdf.ncbi.nlm.nih.gov/pubchem/compound/CIDCID31677
275,http://rdf.ncbi.nlm.nih.gov/pubchem/compound/CIDCID2969,http://semanticscience.org/resource/CHEMINF_000482,http://rdf.ncbi.nlm.nih.gov/pubchem/compound/CIDCID985
276,http://rdf.ncbi.nlm.nih.gov/pubchem/compound/CIDCID84029,http://semanticscience.org/resource/CHEMINF_000482,http://rdf.ncbi.nlm.nih.gov/pubchem/compound/CIDCID12560
277,http://rdf.ncbi.nlm.nih.gov/pubchem/compound/CIDCID1988,http://semanticscience.org/resource/CHEMINF_000482,http://rdf.ncbi.nlm.nih.gov/pubchem/compound/CIDCID2078
278,http://rdf.ncbi.nlm.nih.gov/pubchem/compound/CIDCID16760658,http://semanticscience.org/resource/CHEMINF_000482,http://rdf.ncbi.nlm.nih.gov/pubchem/compound/CIDCID338
279,http://rdf.ncbi.nlm.nih.gov/pubchem/compound/CIDCID4004,http://semanticscience.org/resource/CHEMINF_000482,http://rdf.ncbi.nlm.nih.gov/pubchem/compound/CIDCID15415
280,http://rdf.ncbi.nlm.nih.gov/pubchem/compound/CIDCID6623,http://semanticscience.org/resource/CHEMINF_000482,http://rdf.ncbi.nlm.nih.gov/pubchem/compound/CIDCID8814
281,http://rdf.ncbi.nlm.nih.gov/pubchem/compound/CIDCID4929,http://semanticscience.org/resource/CHEMINF_000482,http://rdf.ncbi.nlm.nih.gov/pubchem/compound/CIDCID13450
282,http://rdf.ncbi.nlm.nih.gov/pubchem/compound/CIDCID13089,http://semanticscience.org/resource/CHEMINF_000482,http://rdf.ncbi.nlm.nih.gov/pubchem/compound/CIDCID4211
283,http://rdf.ncbi.nlm.nih.gov/pubchem/compound/CIDCID1030,http://semanticscience.org/resource/CHEMINF_000482,http://rdf.ncbi.nlm.nih.gov/pubchem/compound/CIDCID753
284,http://rdf.ncbi.nlm.nih.gov/pubchem/compound/CIDCID2078,http://semanticscience.org/resource/CHEMINF_000482,http://rdf.ncbi.nlm.nih.gov/pubchem/compound/CIDCID4169
285,http://rdf.ncbi.nlm.nih.gov/pubchem/compound/CIDCID5353990,http://semanticscience.org/resource/CHEMINF_000482,http://rdf.ncbi.nlm.nih.gov/pubchem/compound/CIDCID5280963
286,http://rdf.ncbi.nlm.nih.gov/pubchem/compound/CIDCID2723,http://semanticscience.org/resource/CHEMINF_000482,http://rdf.ncbi.nlm.nih.gov/pubchem/compound/CIDCID1732
287,http://rdf.ncbi.nlm.nih.gov/pubchem/compound/CIDCID3026,http://semanticscience.org/resource/CHEMINF_000482,http://rdf.ncbi.nlm.nih.gov/pubchem/compound/CIDCID2347
288,http://rdf.ncbi.nlm.nih.gov/pubchem/compound/CIDCID3806,http://semanticscience.org/resource/CHEMINF_000482,http://rdf.ncbi.nlm.nih.gov/pubchem/compound/CIDCID8512
289,http://rdf.ncbi.nlm.nih.gov/pubchem/compound/CIDCID31423,http://semanticscience.org/resource/CHEMINF_000482,http://rdf.ncbi.nlm.nih.gov/pubchem/compound/CIDCID9142
290,http://rdf.ncbi.nlm.nih.gov/pubchem/compound/CIDCID91741,http://semanticscience.org/resource/CHEMINF_000482,http://rdf.ncbi.nlm.nih.gov/pubchem/compound/CIDCID71777
291,http://rdf.ncbi.nlm.nih.gov/pubchem/compound/CIDCID16760159,http://semanticscience.org/resource/CHEMINF_000482,http://rdf.ncbi.nlm.nih.gov/pubchem/compound/CIDCID8606
292,http://rdf.ncbi.nlm.nih.gov/pubchem/compound/CIDCID3053,http://semanticscience.org/resource/CHEMINF_000482,http://rdf.ncbi.nlm.nih.gov/pubchem/compound/CIDCID6049
293,http://rdf.ncbi.nlm.nih.gov/pubchem/compound/CIDCID7456,http://semanticscience.org/resource/CHEMINF_000482,http://rdf.ncbi.nlm.nih.gov/pubchem/compound/CIDCID7175
294,http://rdf.ncbi.nlm.nih.gov/pubchem/compound/CIDCID517044,http://semanticscience.org/resource/CHEMINF_000482,http://rdf.ncbi.nlm.nih.gov/pubchem/compound/CIDCID517045
295,http://rdf.ncbi.nlm.nih.gov/pubchem/compound/CIDCID71188,http://semanticscience.org/resource/CHEMINF_000482,http://rdf.ncbi.nlm.nih.gov/pubchem/compound/CIDCID4539
296,http://rdf.ncbi.nlm.nih.gov/pubchem/compound/CIDCID1057,http://semanticscience.org/resource/CHEMINF_000482,http://rdf.ncbi.nlm.nih.gov/pubchem/compound/CIDCID5054
297,http://rdf.ncbi.nlm.nih.gov/pubchem/compound/CIDCID8103,http://semanticscience.org/resource/CHEMINF_000482,http://rdf.ncbi.nlm.nih.gov/pubchem/compound/CIDCID8129
298,http://rdf.ncbi.nlm.nih.gov/pubchem/compound/CIDCID6001,http://semanticscience.org/resource/CHEMINF_000482,http://rdf.ncbi.nlm.nih.gov/pubchem/compound/CIDCID5889
299,http://rdf.ncbi.nlm.nih.gov/pubchem/compound/CIDCID4055,http://semanticscience.org/resource/CHEMINF_000482,http://rdf.ncbi.nlm.nih.gov/pubchem/compound/CIDCID7410
300,http://rdf.ncbi.nlm.nih.gov/pubchem/compound/CIDCID9154,http://semanticscience.org/resource/CHEMINF_000482,http://rdf.ncbi.nlm.nih.gov/pubchem/compound/CIDCID1674
301,http://rdf.ncbi.nlm.nih.gov/pubchem/compound/CIDCID4775,http://semanticscience.org/resource/CHEMINF_000482,http://rdf.ncbi.nlm.nih.gov/pubchem/compound/CIDCID999
302,http://rdf.ncbi.nlm.nih.gov/pubchem/compound/CIDCID7547,http://semanticscience.org/resource/CHEMINF_000482,http://rdf.ncbi.nlm.nih.gov/pubchem/compound/CIDCID3120
303,http://rdf.ncbi.nlm.nih.gov/pubchem/compound/CIDCID6001,http://semanticscience.org/resource/CHEMINF_000482,http://rdf.ncbi.nlm.nih.gov/pubchem/compound/CIDCID9171
304,http://rdf.ncbi.nlm.nih.gov/pubchem/compound/CIDCID8129,http://semanticscience.org/resource/CHEMINF_000482,http://rdf.ncbi.nlm.nih.gov/pubchem/compound/CIDCID8193
305,http://rdf.ncbi.nlm.nih.gov/pubchem/compound/CIDCID5459840,http://semanticscience.org/resource/CHEMINF_000482,http://rdf.ncbi.nlm.nih.gov/pubchem/compound/CIDCID19212
306,http://rdf.ncbi.nlm.nih.gov/pubchem/compound/CIDCID8343,http://semanticscience.org/resource/CHEMINF_000482,http://rdf.ncbi.nlm.nih.gov/pubchem/compound/CIDCID3026
307,http://rdf.ncbi.nlm.nih.gov/pubchem/compound/CIDCID6623,http://semanticscience.org/resource/CHEMINF_000482,http://rdf.ncbi.nlm.nih.gov/pubchem/compound/CIDCID73864
308,http://rdf.ncbi.nlm.nih.gov/pubchem/compound/CIDCID4211,http://semanticscience.org/resource/CHEMINF_000482,http://rdf.ncbi.nlm.nih.gov/pubchem/compound/CIDCID3036
309,http://rdf.ncbi.nlm.nih.gov/pubchem/compound/CIDCID7814,http://semanticscience.org/resource/CHEMINF_000482,http://rdf.ncbi.nlm.nih.gov/pubchem/compound/CIDCID6115
310,http://rdf.ncbi.nlm.nih.gov/pubchem/compound/CIDCID1486,http://semanticscience.org/resource/CHEMINF_000482,http://rdf.ncbi.nlm.nih.gov/pubchem/compound/CIDCID1480
311,http://rdf.ncbi.nlm.nih.gov/pubchem/compound/CIDCID7489,http://semanticscience.org/resource/CHEMINF_000482,http://rdf.ncbi.nlm.nih.gov/pubchem/compound/CIDCID243
312,http://rdf.ncbi.nlm.nih.gov/pubchem/compound/CIDCID54678486,http://semanticscience.org/resource/CHEMINF_000482,http://rdf.ncbi.nlm.nih.gov/pubchem/compound/CIDCID54676038
313,http://rdf.ncbi.nlm.nih.gov/pubchem/compound/CIDCID5215,http://semanticscience.org/resource/CHEMINF_000482,http://rdf.ncbi.nlm.nih.gov/pubchem/compound/CIDCID5325
314,http://rdf.ncbi.nlm.nih.gov/pubchem/compound/CIDCID10569,http://semanticscience.org/resource/CHEMINF_000482,http://rdf.ncbi.nlm.nih.gov/pubchem/compound/CIDCID442048
315,http://rdf.ncbi.nlm.nih.gov/pubchem/compound/CIDCID2355,http://semanticscience.org/resource/CHEMINF_000482,http://rdf.ncbi.nlm.nih.gov/pubchem/compound/CIDCID10658
316,http://rdf.ncbi.nlm.nih.gov/pubchem/compound/CIDCID4169,http://semanticscience.org/resource/CHEMINF_000482,http://rdf.ncbi.nlm.nih.gov/pubchem/compound/CIDCID1988
317,http://rdf.ncbi.nlm.nih.gov/pubchem/compound/CIDCID445639,http://semanticscience.org/resource/CHEMINF_000482,http://rdf.ncbi.nlm.nih.gov/pubchem/compound/CIDCID5280450
318,http://rdf.ncbi.nlm.nih.gov/pubchem/compound/CIDCID8376,http://semanticscience.org/resource/CHEMINF_000482,http://rdf.ncbi.nlm.nih.gov/pubchem/compound/CIDCID8461
319,http://rdf.ncbi.nlm.nih.gov/pubchem/compound/CIDCID2336,http://semanticscience.org/resource/CHEMINF_000482,http://rdf.ncbi.nlm.nih.gov/pubchem/compound/CIDCID6001
320,http://rdf.ncbi.nlm.nih.gov/pubchem/compound/CIDCID10326,http://semanticscience.org/resource/CHEMINF_000482,http://rdf.ncbi.nlm.nih.gov/pubchem/compound/CIDCID6853
321,http://rdf.ncbi.nlm.nih.gov/pubchem/compound/CIDCID31423,http://semanticscience.org/resource/CHEMINF_000482,http://rdf.ncbi.nlm.nih.gov/pubchem/compound/CIDCID2336
322,http://rdf.ncbi.nlm.nih.gov/pubchem/compound/CIDCID3423265,http://semanticscience.org/resource/CHEMINF_000482,http://rdf.ncbi.nlm.nih.gov/pubchem/compound/CIDCID8778
323,http://rdf.ncbi.nlm.nih.gov/pubchem/compound/CIDCID5455,http://semanticscience.org/resource/CHEMINF_000482,http://rdf.ncbi.nlm.nih.gov/pubchem/compound/CIDCID8722
324,http://rdf.ncbi.nlm.nih.gov/pubchem/compound/CIDCID23668193,http://semanticscience.org/resource/CHEMINF_000482,http://rdf.ncbi.nlm.nih.gov/pubchem/compound/CIDCID3032552
325,http://rdf.ncbi.nlm.nih.gov/pubchem/compound/CIDCID16421,http://semanticscience.org/resource/CHEMINF_000482,http://rdf.ncbi.nlm.nih.gov/pubchem/compound/CIDCID4130
326,http://rdf.ncbi.nlm.nih.gov/pubchem/compound/CIDCID448537,http://semanticscience.org/resource/CHEMINF_000482,http://rdf.ncbi.nlm.nih.gov/pubchem/compound/CIDCID6623
327,http://rdf.ncbi.nlm.nih.gov/pubchem/compound/CIDCID1057,http://semanticscience.org/resource/CHEMINF_000482,http://rdf.ncbi.nlm.nih.gov/pubchem/compound/CIDCID359
328,http://rdf.ncbi.nlm.nih.gov/pubchem/compound/CIDCID8554,http://semanticscience.org/resource/CHEMINF_000482,http://rdf.ncbi.nlm.nih.gov/pubchem/compound/CIDCID3026
329,http://rdf.ncbi.nlm.nih.gov/pubchem/compound/CIDCID39147,http://semanticscience.org/resource/CHEMINF_000482,http://rdf.ncbi.nlm.nih.gov/pubchem/compound/CIDCID4946
330,http://rdf.ncbi.nlm.nih.gov/pubchem/compound/CIDCID6914,http://semanticscience.org/resource/CHEMINF_000482,http://rdf.ncbi.nlm.nih.gov/pubchem/compound/CIDCID8449
331,http://rdf.ncbi.nlm.nih.gov/pubchem/compound/CIDCID31677,http://semanticscience.org/resource/CHEMINF_000482,http://rdf.ncbi.nlm.nih.gov/pubchem/compound/CIDCID4169
332,http://rdf.ncbi.nlm.nih.gov/pubchem/compound/CIDCID8158,http://semanticscience.org/resource/CHEMINF_000482,http://rdf.ncbi.nlm.nih.gov/pubchem/compound/CIDCID8094
333,http://rdf.ncbi.nlm.nih.gov/pubchem/compound/CIDCID3352,http://semanticscience.org/resource/CHEMINF_000482,http://rdf.ncbi.nlm.nih.gov/pubchem/compound/CIDCID3078139
334,http://rdf.ncbi.nlm.nih.gov/pubchem/compound/CIDCID5327,http://semanticscience.org/resource/CHEMINF_000482,http://rdf.ncbi.nlm.nih.gov/pubchem/compound/CIDCID5215
335,http://rdf.ncbi.nlm.nih.gov/pubchem/compound/CIDCID54682651,http://semanticscience.org/resource/CHEMINF_000482,http://rdf.ncbi.nlm.nih.gov/pubchem/compound/CIDCID54678486
336,http://rdf.ncbi.nlm.nih.gov/pubchem/compound/CIDCID6344,http://semanticscience.org/resource/CHEMINF_000482,http://rdf.ncbi.nlm.nih.gov/pubchem/compound/CIDCID6212
337,http://rdf.ncbi.nlm.nih.gov/pubchem/compound/CIDCID7204,http://semanticscience.org/resource/CHEMINF_000482,http://rdf.ncbi.nlm.nih.gov/pubchem/compound/CIDCID7153
338,http://rdf.ncbi.nlm.nih.gov/pubchem/compound/CIDCID15730,http://semanticscience.org/resource/CHEMINF_000482,http://rdf.ncbi.nlm.nih.gov/pubchem/compound/CIDCID31404
339,http://rdf.ncbi.nlm.nih.gov/pubchem/compound/CIDCID44073,http://semanticscience.org/resource/CHEMINF_000482,http://rdf.ncbi.nlm.nih.gov/pubchem/compound/CIDCID62276
340,http://rdf.ncbi.nlm.nih.gov/pubchem/compound/CIDCID2256,http://semanticscience.org/resource/CHEMINF_000482,http://rdf.ncbi.nlm.nih.gov/pubchem/compound/CIDCID4937
341,http://rdf.ncbi.nlm.nih.gov/pubchem/compound/CIDCID5282379,http://semanticscience.org/resource/CHEMINF_000482,http://rdf.ncbi.nlm.nih.gov/pubchem/compound/CIDCID444795
342,http://rdf.ncbi.nlm.nih.gov/pubchem/compound/CIDCID999,http://semanticscience.org/resource/CHEMINF_000482,http://rdf.ncbi.nlm.nih.gov/pubchem/compound/CIDCID3672
343,http://rdf.ncbi.nlm.nih.gov/pubchem/compound/CIDCID9171,http://semanticscience.org/resource/CHEMINF_000482,http://rdf.ncbi.nlm.nih.gov/pubchem/compound/CIDCID5889
344,http://rdf.ncbi.nlm.nih.gov/pubchem/compound/CIDCID8722,http://semanticscience.org/resource/CHEMINF_000482,http://rdf.ncbi.nlm.nih.gov/pubchem/compound/CIDCID5455
345,http://rdf.ncbi.nlm.nih.gov/pubchem/compound/CIDCID1674,http://semanticscience.org/resource/CHEMINF_000482,http://rdf.ncbi.nlm.nih.gov/pubchem/compound/CIDCID9171
346,http://rdf.ncbi.nlm.nih.gov/pubchem/compound/CIDCID4767,http://semanticscience.org/resource/CHEMINF_000482,http://rdf.ncbi.nlm.nih.gov/pubchem/compound/CIDCID40585
347,http://rdf.ncbi.nlm.nih.gov/pubchem/compound/CIDCID3032552,http://semanticscience.org/resource/CHEMINF_000482,http://rdf.ncbi.nlm.nih.gov/pubchem/compound/CIDCID24470
348,http://rdf.ncbi.nlm.nih.gov/pubchem/compound/CIDCID1140,http://semanticscience.org/resource/CHEMINF_000482,http://rdf.ncbi.nlm.nih.gov/pubchem/compound/CIDCID7501
349,http://rdf.ncbi.nlm.nih.gov/pubchem/compound/CIDCID985,http://semanticscience.org/resource/CHEMINF_000482,http://rdf.ncbi.nlm.nih.gov/pubchem/compound/CIDCID2969
350,http://rdf.ncbi.nlm.nih.gov/pubchem/compound/CIDCID991,http://semanticscience.org/resource/CHEMINF_000482,http://rdf.ncbi.nlm.nih.gov/pubchem/compound/CIDCID9395
351,http://rdf.ncbi.nlm.nih.gov/pubchem/compound/CIDCID7207,http://semanticscience.org/resource/CHEMINF_000482,http://rdf.ncbi.nlm.nih.gov/pubchem/compound/CIDCID7204
352,http://rdf.ncbi.nlm.nih.gov/pubchem/compound/CIDCID5280963,http://semanticscience.org/resource/CHEMINF_000482,http://rdf.ncbi.nlm.nih.gov/pubchem/compound/CIDCID5353990
353,http://rdf.ncbi.nlm.nih.gov/pubchem/compound/CIDCID4539,http://semanticscience.org/resource/CHEMINF_000482,http://rdf.ncbi.nlm.nih.gov/pubchem/compound/CIDCID71188
354,http://rdf.ncbi.nlm.nih.gov/pubchem/compound/CIDCID4130,http://semanticscience.org/resource/CHEMINF_000482,http://rdf.ncbi.nlm.nih.gov/pubchem/compound/CIDCID9395
355,http://rdf.ncbi.nlm.nih.gov/pubchem/compound/CIDCID2764,http://semanticscience.org/resource/CHEMINF_000482,http://rdf.ncbi.nlm.nih.gov/pubchem/compound/CIDCID4539
356,http://rdf.ncbi.nlm.nih.gov/pubchem/compound/CIDCID11294,http://semanticscience.org/resource/CHEMINF_000482,http://rdf.ncbi.nlm.nih.gov/pubchem/compound/CIDCID17170
357,http://rdf.ncbi.nlm.nih.gov/pubchem/compound/CIDCID7153,http://semanticscience.org/resource/CHEMINF_000482,http://rdf.ncbi.nlm.nih.gov/pubchem/compound/CIDCID7207
358,http://rdf.ncbi.nlm.nih.gov/pubchem/compound/CIDCID23668193,http://semanticscience.org/resource/CHEMINF_000482,http://rdf.ncbi.nlm.nih.gov/pubchem/compound/CIDCID24268
359,http://rdf.ncbi.nlm.nih.gov/pubchem/compound/CIDCID5360525,http://semanticscience.org/resource/CHEMINF_000482,http://rdf.ncbi.nlm.nih.gov/pubchem/compound/CIDCID28179
360,http://rdf.ncbi.nlm.nih.gov/pubchem/compound/CIDCID31200,http://semanticscience.org/resource/CHEMINF_000482,http://rdf.ncbi.nlm.nih.gov/pubchem/compound/CIDCID4130
361,http://rdf.ncbi.nlm.nih.gov/pubchem/compound/CIDCID19212,http://semanticscience.org/resource/CHEMINF_000482,http://rdf.ncbi.nlm.nih.gov/pubchem/compound/CIDCID5459840
362,http://rdf.ncbi.nlm.nih.gov/pubchem/compound/CIDCID12560,http://semanticscience.org/resource/CHEMINF_000482,http://rdf.ncbi.nlm.nih.gov/pubchem/compound/CIDCID84029
363,http://rdf.ncbi.nlm.nih.gov/pubchem/compound/CIDCID54678486,http://semanticscience.org/resource/CHEMINF_000482,http://rdf.ncbi.nlm.nih.gov/pubchem/compound/CIDCID54682651
364,http://rdf.ncbi.nlm.nih.gov/pubchem/compound/CIDCID6001,http://semanticscience.org/resource/CHEMINF_000482,http://rdf.ncbi.nlm.nih.gov/pubchem/compound/CIDCID31423
365,http://rdf.ncbi.nlm.nih.gov/pubchem/compound/CIDCID3032552,http://semanticscience.org/resource/CHEMINF_000482,http://rdf.ncbi.nlm.nih.gov/pubchem/compound/CIDCID23668193
366,http://rdf.ncbi.nlm.nih.gov/pubchem/compound/CIDCID3031,http://semanticscience.org/resource/CHEMINF_000482,http://rdf.ncbi.nlm.nih.gov/pubchem/compound/CIDCID17604
367,http://rdf.ncbi.nlm.nih.gov/pubchem/compound/CIDCID8606,http://semanticscience.org/resource/CHEMINF_000482,http://rdf.ncbi.nlm.nih.gov/pubchem/compound/CIDCID16760159
368,http://rdf.ncbi.nlm.nih.gov/pubchem/compound/CIDCID54671203,http://semanticscience.org/resource/CHEMINF_000482,http://rdf.ncbi.nlm.nih.gov/pubchem/compound/CIDCID54675779
369,http://rdf.ncbi.nlm.nih.gov/pubchem/compound/CIDCID5054,http://semanticscience.org/resource/CHEMINF_000482,http://rdf.ncbi.nlm.nih.gov/pubchem/compound/CIDCID359
370,http://rdf.ncbi.nlm.nih.gov/pubchem/compound/CIDCID13450,http://semanticscience.org/resource/CHEMINF_000482,http://rdf.ncbi.nlm.nih.gov/pubchem/compound/CIDCID13263
371,http://rdf.ncbi.nlm.nih.gov/pubchem/compound/CIDCID40585,http://semanticscience.org/resource/CHEMINF_000482,http://rdf.ncbi.nlm.nih.gov/pubchem/compound/CIDCID2912
372,http://rdf.ncbi.nlm.nih.gov/pubchem/compound/CIDCID5281873,http://semanticscience.org/resource/CHEMINF_000482,http://rdf.ncbi.nlm.nih.gov/pubchem/compound/CIDCID40585
373,http://rdf.ncbi.nlm.nih.gov/pubchem/compound/CIDCID5281873,http://semanticscience.org/resource/CHEMINF_000482,http://rdf.ncbi.nlm.nih.gov/pubchem/compound/CIDCID2912
374,http://rdf.ncbi.nlm.nih.gov/pubchem/compound/CIDCID6954,http://semanticscience.org/resource/CHEMINF_000482,http://rdf.ncbi.nlm.nih.gov/pubchem/compound/CIDCID1493
375,http://rdf.ncbi.nlm.nih.gov/pubchem/compound/CIDCID4632,http://semanticscience.org/resource/CHEMINF_000482,http://rdf.ncbi.nlm.nih.gov/pubchem/compound/CIDCID5280961
376,http://rdf.ncbi.nlm.nih.gov/pubchem/compound/CIDCID8343,http://semanticscience.org/resource/CHEMINF_000482,http://rdf.ncbi.nlm.nih.gov/pubchem/compound/CIDCID2347
377,http://rdf.ncbi.nlm.nih.gov/pubchem/compound/CIDCID5757,http://semanticscience.org/resource/CHEMINF_000482,http://rdf.ncbi.nlm.nih.gov/pubchem/compound/CIDCID5991
378,http://rdf.ncbi.nlm.nih.gov/pubchem/compound/CIDCID5757,http://semanticscience.org/resource/CHEMINF_000482,http://rdf.ncbi.nlm.nih.gov/pubchem/compound/CIDCID5756
379,http://rdf.ncbi.nlm.nih.gov/pubchem/compound/CIDCID5743,http://semanticscience.org/resource/CHEMINF_000482,http://rdf.ncbi.nlm.nih.gov/pubchem/compound/CIDCID5755
380,http://rdf.ncbi.nlm.nih.gov/pubchem/compound/CIDCID5991,http://semanticscience.org/resource/CHEMINF_000482,http://rdf.ncbi.nlm.nih.gov/pubchem/compound/CIDCID5757
381,http://rdf.ncbi.nlm.nih.gov/pubchem/compound/CIDCID5327,http://semanticscience.org/resource/CHEMINF_000482,http://rdf.ncbi.nlm.nih.gov/pubchem/compound/CIDCID5325
382,http://rdf.ncbi.nlm.nih.gov/pubchem/compound/CIDCID6294,http://semanticscience.org/resource/CHEMINF_000482,http://rdf.ncbi.nlm.nih.gov/pubchem/compound/CIDCID3035
383,http://rdf.ncbi.nlm.nih.gov/pubchem/compound/CIDCID10658,http://semanticscience.org/resource/CHEMINF_000482,http://rdf.ncbi.nlm.nih.gov/pubchem/compound/CIDCID4114
384,http://rdf.ncbi.nlm.nih.gov/pubchem/compound/CIDCID6128,http://semanticscience.org/resource/CHEMINF_000482,http://rdf.ncbi.nlm.nih.gov/pubchem/compound/CIDCID5994
385,http://rdf.ncbi.nlm.nih.gov/pubchem/compound/CIDCID9142,http://semanticscience.org/resource/CHEMINF_000482,http://rdf.ncbi.nlm.nih.gov/pubchem/compound/CIDCID2336
386,http://rdf.ncbi.nlm.nih.gov/pubchem/compound/CIDCID5336,http://semanticscience.org/resource/CHEMINF_000482,http://rdf.ncbi.nlm.nih.gov/pubchem/compound/CIDCID5215
387,http://rdf.ncbi.nlm.nih.gov/pubchem/compound/CIDCID2969,http://semanticscience.org/resource/CHEMINF_000482,http://rdf.ncbi.nlm.nih.gov/pubchem/compound/CIDCID8158
388,http://rdf.ncbi.nlm.nih.gov/pubchem/compound/CIDCID667484,http://semanticscience.org/resource/CHEMINF_000482,http://rdf.ncbi.nlm.nih.gov/pubchem/compound/CIDCID21474
389,http://rdf.ncbi.nlm.nih.gov/pubchem/compound/CIDCID3035,http://semanticscience.org/resource/CHEMINF_000482,http://rdf.ncbi.nlm.nih.gov/pubchem/compound/CIDCID13089
390,http://rdf.ncbi.nlm.nih.gov/pubchem/compound/CIDCID31404,http://semanticscience.org/resource/CHEMINF_000482,http://rdf.ncbi.nlm.nih.gov/pubchem/compound/CIDCID15730
391,http://rdf.ncbi.nlm.nih.gov/pubchem/compound/CIDCID21474,http://semanticscience.org/resource/CHEMINF_000482,http://rdf.ncbi.nlm.nih.gov/pubchem/compound/CIDCID667484
392,http://rdf.ncbi.nlm.nih.gov/pubchem/compound/CIDCID2513,http://semanticscience.org/resource/CHEMINF_000482,http://rdf.ncbi.nlm.nih.gov/pubchem/compound/CIDCID8948
393,http://rdf.ncbi.nlm.nih.gov/pubchem/compound/CIDCID5889,http://semanticscience.org/resource/CHEMINF_000482,http://rdf.ncbi.nlm.nih.gov/pubchem/compound/CIDCID9142
394,http://rdf.ncbi.nlm.nih.gov/pubchem/compound/CIDCID261004,http://semanticscience.org/resource/CHEMINF_000482,http://rdf.ncbi.nlm.nih.gov/pubchem/compound/CIDCID443495
395,http://rdf.ncbi.nlm.nih.gov/pubchem/compound/CIDCID149096,http://semanticscience.org/resource/CHEMINF_000482,http://rdf.ncbi.nlm.nih.gov/pubchem/compound/CIDCID4583
396,http://rdf.ncbi.nlm.nih.gov/pubchem/compound/CIDCID64929,http://semanticscience.org/resource/CHEMINF_000482,http://rdf.ncbi.nlm.nih.gov/pubchem/compound/CIDCID3339
397,http://rdf.ncbi.nlm.nih.gov/pubchem/compound/CIDCID7547,http://semanticscience.org/resource/CHEMINF_000482,http://rdf.ncbi.nlm.nih.gov/pubchem/compound/CIDCID9502
398,http://rdf.ncbi.nlm.nih.gov/pubchem/compound/CIDCID10658,http://semanticscience.org/resource/CHEMINF_000482,http://rdf.ncbi.nlm.nih.gov/pubchem/compound/CIDCID2355
399,http://rdf.ncbi.nlm.nih.gov/pubchem/compound/CIDCID15730,http://semanticscience.org/resource/CHEMINF_000482,http://rdf.ncbi.nlm.nih.gov/pubchem/compound/CIDCID448537
400,http://rdf.ncbi.nlm.nih.gov/pubchem/compound/CIDCID8094,http://semanticscience.org/resource/CHEMINF_000482,http://rdf.ncbi.nlm.nih.gov/pubchem/compound/CIDCID8158
401,http://rdf.ncbi.nlm.nih.gov/pubchem/compound/CIDCID7095,http://semanticscience.org/resource/CHEMINF_000482,http://rdf.ncbi.nlm.nih.gov/pubchem/compound/CIDCID7501
402,http://rdf.ncbi.nlm.nih.gov/pubchem/compound/CIDCID4937,http://semanticscience.org/resource/CHEMINF_000482,http://rdf.ncbi.nlm.nih.gov/pubchem/compound/CIDCID5216
403,http://rdf.ncbi.nlm.nih.gov/pubchem/compound/CIDCID5280450,http://semanticscience.org/resource/CHEMINF_000482,http://rdf.ncbi.nlm.nih.gov/pubchem/compound/CIDCID5280934
404,http://rdf.ncbi.nlm.nih.gov/pubchem/compound/CIDCID753,http://semanticscience.org/resource/CHEMINF_000482,http://rdf.ncbi.nlm.nih.gov/pubchem/compound/CIDCID1030
405,http://rdf.ncbi.nlm.nih.gov/pubchem/compound/CIDCID9142,http://semanticscience.org/resource/CHEMINF_000482,http://rdf.ncbi.nlm.nih.gov/pubchem/compound/CIDCID31423
406,http://rdf.ncbi.nlm.nih.gov/pubchem/compound/CIDCID54676038,http://semanticscience.org/resource/CHEMINF_000482,http://rdf.ncbi.nlm.nih.gov/pubchem/compound/CIDCID54678486
407,http://rdf.ncbi.nlm.nih.gov/pubchem/compound/CIDCID4684,http://semanticscience.org/resource/CHEMINF_000482,http://rdf.ncbi.nlm.nih.gov/pubchem/compound/CIDCID8449
408,http://rdf.ncbi.nlm.nih.gov/pubchem/compound/CIDCID5215,http://semanticscience.org/resource/CHEMINF_000482,http://rdf.ncbi.nlm.nih.gov/pubchem/compound/CIDCID5327
409,http://rdf.ncbi.nlm.nih.gov/pubchem/compound/CIDCID4114,http://semanticscience.org/resource/CHEMINF_000482,http://rdf.ncbi.nlm.nih.gov/pubchem/compound/CIDCID6199
410,http://rdf.ncbi.nlm.nih.gov/pubchem/compound/CIDCID8814,http://semanticscience.org/resource/CHEMINF_000482,http://rdf.ncbi.nlm.nih.gov/pubchem/compound/CIDCID31404
411,http://rdf.ncbi.nlm.nih.gov/pubchem/compound/CIDCID999,http://semanticscience.org/resource/CHEMINF_000482,http://rdf.ncbi.nlm.nih.gov/pubchem/compound/CIDCID4775
412,http://rdf.ncbi.nlm.nih.gov/pubchem/compound/CIDCID8193,http://semanticscience.org/resource/CHEMINF_000482,http://rdf.ncbi.nlm.nih.gov/pubchem/compound/CIDCID8129
413,http://rdf.ncbi.nlm.nih.gov/pubchem/compound/CIDCID5889,http://semanticscience.org/resource/CHEMINF_000482,http://rdf.ncbi.nlm.nih.gov/pubchem/compound/CIDCID2336
414,http://rdf.ncbi.nlm.nih.gov/pubchem/compound/CIDCID996,http://semanticscience.org/resource/CHEMINF_000482,http://rdf.ncbi.nlm.nih.gov/pubchem/compound/CIDCID5054
415,http://rdf.ncbi.nlm.nih.gov/pubchem/compound/CIDCID6013,http://semanticscience.org/resource/CHEMINF_000482,http://rdf.ncbi.nlm.nih.gov/pubchem/compound/CIDCID6010
416,http://rdf.ncbi.nlm.nih.gov/pubchem/compound/CIDCID13450,http://semanticscience.org/resource/CHEMINF_000482,http://rdf.ncbi.nlm.nih.gov/pubchem/compound/CIDCID4929
417,http://rdf.ncbi.nlm.nih.gov/pubchem/compound/CIDCID8094,http://semanticscience.org/resource/CHEMINF_000482,http://rdf.ncbi.nlm.nih.gov/pubchem/compound/CIDCID2969
418,http://rdf.ncbi.nlm.nih.gov/pubchem/compound/CIDCID1674,http://semanticscience.org/resource/CHEMINF_000482,http://rdf.ncbi.nlm.nih.gov/pubchem/compound/CIDCID9154
419,http://rdf.ncbi.nlm.nih.gov/pubchem/compound/CIDCID2336,http://semanticscience.org/resource/CHEMINF_000482,http://rdf.ncbi.nlm.nih.gov/pubchem/compound/CIDCID5889
420,http://rdf.ncbi.nlm.nih.gov/pubchem/compound/CIDCID11057,http://semanticscience.org/resource/CHEMINF_000482,http://rdf.ncbi.nlm.nih.gov/pubchem/compound/CIDCID11294
421,http://rdf.ncbi.nlm.nih.gov/pubchem/compound/CIDCID84029,http://semanticscience.org/resource/CHEMINF_000482,http://rdf.ncbi.nlm.nih.gov/pubchem/compound/CIDCID6915744
422,http://rdf.ncbi.nlm.nih.gov/pubchem/compound/CIDCID7127,http://semanticscience.org/resource/CHEMINF_000482,http://rdf.ncbi.nlm.nih.gov/pubchem/compound/CIDCID5144
423,http://rdf.ncbi.nlm.nih.gov/pubchem/compound/CIDCID10742,http://semanticscience.org/resource/CHEMINF_000482,http://rdf.ncbi.nlm.nih.gov/pubchem/compound/CIDCID8468
424,http://rdf.ncbi.nlm.nih.gov/pubchem/compound/CIDCID5144,http://semanticscience.org/resource/CHEMINF_000482,http://rdf.ncbi.nlm.nih.gov/pubchem/compound/CIDCID7127
425,http://rdf.ncbi.nlm.nih.gov/pubchem/compound/CIDCID2336,http://semanticscience.org/resource/CHEMINF_000482,http://rdf.ncbi.nlm.nih.gov/pubchem/compound/CIDCID9171
426,http://rdf.ncbi.nlm.nih.gov/pubchem/compound/CIDCID5755,http://semanticscience.org/resource/CHEMINF_000482,http://rdf.ncbi.nlm.nih.gov/pubchem/compound/CIDCID5743
427,http://rdf.ncbi.nlm.nih.gov/pubchem/compound/CIDCID2912,http://semanticscience.org/resource/CHEMINF_000482,http://rdf.ncbi.nlm.nih.gov/pubchem/compound/CIDCID40326
428,http://rdf.ncbi.nlm.nih.gov/pubchem/compound/CIDCID2347,http://semanticscience.org/resource/CHEMINF_000482,http://rdf.ncbi.nlm.nih.gov/pubchem/compound/CIDCID8343
429,http://rdf.ncbi.nlm.nih.gov/pubchem/compound/CIDCID5280961,http://semanticscience.org/resource/CHEMINF_000482,http://rdf.ncbi.nlm.nih.gov/pubchem/compound/CIDCID4632
430,http://rdf.ncbi.nlm.nih.gov/pubchem/compound/CIDCID5054,http://semanticscience.org/resource/CHEMINF_000482,http://rdf.ncbi.nlm.nih.gov/pubchem/compound/CIDCID1057
431,http://rdf.ncbi.nlm.nih.gov/pubchem/compound/CIDCID6049,http://semanticscience.org/resource/CHEMINF_000482,http://rdf.ncbi.nlm.nih.gov/pubchem/compound/CIDCID3053
432,http://rdf.ncbi.nlm.nih.gov/pubchem/compound/CIDCID3036,http://semanticscience.org/resource/CHEMINF_000482,http://rdf.ncbi.nlm.nih.gov/pubchem/compound/CIDCID13089
433,http://rdf.ncbi.nlm.nih.gov/pubchem/compound/CIDCID2256,http://semanticscience.org/resource/CHEMINF_000482,http://rdf.ncbi.nlm.nih.gov/pubchem/compound/CIDCID30773
434,http://rdf.ncbi.nlm.nih.gov/pubchem/compound/CIDCID30773,http://semanticscience.org/resource/CHEMINF_000482,http://rdf.ncbi.nlm.nih.gov/pubchem/compound/CIDCID2256
435,http://rdf.ncbi.nlm.nih.gov/pubchem/compound/CIDCID4211,http://semanticscience.org/resource/CHEMINF_000482,http://rdf.ncbi.nlm.nih.gov/pubchem/compound/CIDCID3035
436,http://rdf.ncbi.nlm.nih.gov/pubchem/compound/CIDCID10658,http://semanticscience.org/resource/CHEMINF_000482,http://rdf.ncbi.nlm.nih.gov/pubchem/compound/CIDCID6199
437,http://rdf.ncbi.nlm.nih.gov/pubchem/compound/CIDCID3948,http://semanticscience.org/resource/CHEMINF_000482,http://rdf.ncbi.nlm.nih.gov/pubchem/compound/CIDCID2764
438,http://rdf.ncbi.nlm.nih.gov/pubchem/compound/CIDCID443495,http://semanticscience.org/resource/CHEMINF_000482,http://rdf.ncbi.nlm.nih.gov/pubchem/compound/CIDCID261004
439,http://rdf.ncbi.nlm.nih.gov/pubchem/compound/CIDCID5889,http://semanticscience.org/resource/CHEMINF_000482,http://rdf.ncbi.nlm.nih.gov/pubchem/compound/CIDCID31423
440,http://rdf.ncbi.nlm.nih.gov/pubchem/compound/CIDCID7814,http://semanticscience.org/resource/CHEMINF_000482,http://rdf.ncbi.nlm.nih.gov/pubchem/compound/CIDCID6051
441,http://rdf.ncbi.nlm.nih.gov/pubchem/compound/CIDCID9171,http://semanticscience.org/resource/CHEMINF_000482,http://rdf.ncbi.nlm.nih.gov/pubchem/compound/CIDCID1674
442,http://rdf.ncbi.nlm.nih.gov/pubchem/compound/CIDCID54454,http://semanticscience.org/resource/CHEMINF_000482,http://rdf.ncbi.nlm.nih.gov/pubchem/compound/CIDCID53232
443,http://rdf.ncbi.nlm.nih.gov/pubchem/compound/CIDCID2764,http://semanticscience.org/resource/CHEMINF_000482,http://rdf.ncbi.nlm.nih.gov/pubchem/compound/CIDCID71188
444,http://rdf.ncbi.nlm.nih.gov/pubchem/compound/CIDCID11271640,http://semanticscience.org/resource/CHEMINF_000482,http://rdf.ncbi.nlm.nih.gov/pubchem/compound/CIDCID11578610
445,http://rdf.ncbi.nlm.nih.gov/pubchem/compound/CIDCID5280450,http://semanticscience.org/resource/CHEMINF_000482,http://rdf.ncbi.nlm.nih.gov/pubchem/compound/CIDCID445639
446,http://rdf.ncbi.nlm.nih.gov/pubchem/compound/CIDCID54738,http://semanticscience.org/resource/CHEMINF_000482,http://rdf.ncbi.nlm.nih.gov/pubchem/compound/CIDCID54740
447,http://rdf.ncbi.nlm.nih.gov/pubchem/compound/CIDCID957,http://semanticscience.org/resource/CHEMINF_000482,http://rdf.ncbi.nlm.nih.gov/pubchem/compound/CIDCID8129
